OLIVIA,"2,032",1,1.3692
EMMA,"1,715",2,1.1556
CHARLOTTE,"1,579",3,1.064
AMELIA,"1,308",4,0.8813
AVA,"1,105",5,0.7446
SOPHIA,"1,105",5,0.7446
CHLOE,"1,088",7,0.7331
MIA,"1,017",8,0.6853
MILA,936,9,0.6307
ISLA,922,10,0.6213
ALICE,879,11,0.5923
SOFIA,878,12,0.5916
LILY,810,13,0.5458
ZOE,784,14,0.5283
ELLA,781,15,0.5262
EVELYN,779,16,0.5249
CHARLIE,777,17,0.5236
ELLIE,727,18,0.4899
ABIGAIL,716,19,0.4825
NORA,715,20,0.4818
SOPHIE,709,21,0.4777
MAYA,702,22,0.473
ARIA,680,23,0.4582
EVA,677,24,0.4562
EMILY,673,25,0.4535
HANNAH,670,26,0.4515
CLARA,659,27,0.444
ISABELLA,643,28,0.4333
ELIZABETH,636,29,0.4285
FLORENCE,612,30,0.4124
ROSE,604,31,0.407
IVY,596,32,0.4016
AVERY,594,33,0.4002
HARPER,592,34,0.3989
LUNA,585,35,0.3942
VIOLET,580,36,0.3908
SCARLETT,568,37,0.3827
HAZEL,549,38,0.3699
ZOEY,548,39,0.3692
LIVIA,546,40,0.3679
VICTORIA,540,41,0.3639
LEA,528,42,0.3558
GRACE,527,43,0.3551
JULIA,522,44,0.3517
WILLOW,501,45,0.3376
ELEANOR,499,46,0.3362
MADISON,493,47,0.3322
ANNA,478,48,0.3221
LAYLA,478,48,0.3221
ROSALIE,474,50,0.3194
CLAIRE,468,51,0.3153
AUDREY,465,52,0.3133
EMILIA,463,53,0.312
HAILEY,458,54,0.3086
EVERLY,455,55,0.3066
STELLA,454,56,0.3059
ELENA,447,57,0.3012
AURORA,435,58,0.2931
JADE,422,59,0.2843
PENELOPE,417,60,0.281
BEATRICE,413,61,0.2783
SARAH,412,62,0.2776
JULIETTE,408,63,0.2749
LUCY,386,64,0.2601
ADDISON,384,65,0.2587
ROMY,384,65,0.2587
QUINN,379,67,0.2554
AYLA,373,68,0.2513
ISABELLE,369,69,0.2486
LEAH,369,69,0.2486
ELIANA,364,71,0.2453
NOVA,353,72,0.2379
NAOMI,347,73,0.2338
RILEY,344,74,0.2318
MAEVE,341,75,0.2298
BROOKLYN,336,76,0.2264
JASMINE,335,77,0.2257
RUBY,333,78,0.2244
ELOISE,319,79,0.2149
SADIE,316,80,0.2129
MACKENZIE,313,81,0.2109
GEORGIA,312,82,0.2102
MARIA,301,83,0.2028
KINSLEY,299,84,0.2015
NORAH,298,85,0.2008
PAISLEY,293,86,0.1974
MADELYN,285,87,0.192
SIENNA,274,88,0.1846
MAEVA,273,89,0.184
GIANNA,272,90,0.1833
LENA,271,91,0.1826
CAMILLE,267,92,0.1799
ATHENA,266,93,0.1792
BRIELLE,264,94,0.1779
JOSEPHINE,264,94,0.1779
LENNON,264,94,0.1779
AUBREY,262,97,0.1765
LILLIAN,262,97,0.1765
NATALIE,262,97,0.1765
FREYA,258,100,0.1738
IRIS,255,101,0.1718
ARYA,254,102,0.1711
RYLEE,254,102,0.1711
MADELINE,252,104,0.1698
GABRIELLA,248,105,0.1671
LYDIA,248,105,0.1671
LEONIE,246,107,0.1658
PEYTON,241,108,0.1624
ELODIE,238,109,0.1604
ANNABELLE,237,110,0.1597
MYA,236,111,0.159
RAPHAELLE,236,111,0.159
MARGOT,234,113,0.1577
WREN,233,114,0.157
ADELINE,232,115,0.1563
BLAKE,223,116,0.1503
RACHEL,223,116,0.1503
ADELE,221,118,0.1489
AUTUMN,216,119,0.1455
EVERLEIGH,215,120,0.1449
SARA,214,121,0.1442
JEANNE,213,122,0.1435
LAURA,213,122,0.1435
FLORA,211,124,0.1422
OPHELIA,211,124,0.1422
LYLA,206,126,0.1388
ALYSSA,205,127,0.1381
SLOANE,205,127,0.1381
PIPER,204,129,0.1375
SUMMER,204,129,0.1375
ZARA,201,131,0.1354
GABRIELLE,198,132,0.1334
SAVANNAH,197,133,0.1327
ALICIA,196,134,0.1321
ANAYA,196,134,0.1321
BELLA,196,134,0.1321
AALIYAH,195,137,0.1314
ARIANA,192,138,0.1294
LEXIE,192,138,0.1294
KIARA,191,140,0.1287
TESSA,191,140,0.1287
FLAVIE,190,142,0.128
MARYAM,190,142,0.128
AMARA,186,144,0.1253
ARIELLE,186,144,0.1253
ELISE,186,144,0.1253
TALIA,186,144,0.1253
MADELEINE,185,148,0.1247
BILLIE,182,149,0.1226
DELILAH,181,150,0.122
KAIA,181,150,0.122
ANNIE,180,152,0.1213
OPHELIE,180,152,0.1213
ALINA,179,154,0.1206
CALLIE,174,155,0.1172
MELODY,174,155,0.1172
ALEXANDRA,172,157,0.1159
ELEONORE,171,158,0.1152
ISABEL,171,158,0.1152
OLIVE,171,158,0.1152
SIMONE,170,161,0.1145
LINA,168,162,0.1132
RIVER,168,162,0.1132
CAMILA,167,164,0.1125
ROSIE,167,164,0.1125
EDEN,166,166,0.1119
EVE,166,166,0.1119
PARKER,166,166,0.1119
KAYLA,165,169,0.1112
SKYLAR,164,170,0.1105
MYLA,163,171,0.1098
ESTELLE,162,172,0.1092
AMAYA,161,173,0.1085
AMBER,161,173,0.1085
ADELAIDE,160,175,0.1078
HARLOW,160,175,0.1078
ANASTASIA,159,177,0.1071
MOLLY,159,177,0.1071
BRIAR,156,179,0.1051
VALENTINA,156,179,0.1051
THEA,155,181,0.1044
GEMMA,154,182,0.1038
ELSIE,153,183,0.1031
JUNE,153,183,0.1031
MILLIE,153,183,0.1031
CECILIA,152,186,0.1024
REMI,152,186,0.1024
SELENA,152,186,0.1024
CELESTE,151,189,0.1017
LAURENCE,151,189,0.1017
LIANA,151,189,0.1017
ARIEL,150,192,0.1011
ELIZA,150,192,0.1011
NEVAEH,150,192,0.1011
LARA,149,195,0.1004
MYRA,146,196,0.0984
DAPHNE,145,197,0.0977
OCTAVIA,145,197,0.0977
PAIGE,145,197,0.0977
BROOKE,144,200,0.097
HADLEY,144,200,0.097
MAISIE,144,200,0.097
POPPY,144,200,0.097
CELINE,143,204,0.0964
OCEANE,143,204,0.0964
ADA,142,206,0.0957
ADALINE,142,206,0.0957
AMIRA,141,208,0.095
AYA,141,208,0.095
BRIANNA,141,208,0.095
KENNEDY,141,208,0.095
SERENA,140,212,0.0943
DAISY,139,213,0.0937
ELISABETH,139,213,0.0937
JUNIPER,139,213,0.0937
KAYLEE,138,216,0.093
ABBY,137,217,0.0923
ESTHER,137,217,0.0923
EVIE,136,219,0.0916
OAKLYNN,136,219,0.0916
FATIMA,134,221,0.0903
LEILA,134,221,0.0903
MAELIE,134,221,0.0903
MIRA,134,221,0.0903
REBECCA,134,221,0.0903
KYLIE,133,226,0.0896
LILLY,133,226,0.0896
NOELIE,132,228,0.0889
REESE,132,228,0.0889
SAMANTHA,132,228,0.0889
TAYLOR,132,228,0.0889
ROWAN,131,232,0.0883
SAGE,131,232,0.0883
JOSIE,129,234,0.0869
KATE,129,234,0.0869
LAUREN,129,234,0.0869
NINA,129,234,0.0869
REHMAT,129,234,0.0869
LANA,128,239,0.0862
ALIYAH,127,240,0.0856
EMERSYN,127,240,0.0856
EMERY,127,240,0.0856
RAYA,127,240,0.0856
SAWYER,127,240,0.0856
ALEXIS,126,245,0.0849
AURELIE,126,245,0.0849
EMBER,126,245,0.0849
VIENNA,124,248,0.0836
AMY,123,249,0.0829
EVELYNE,123,249,0.0829
DELPHINE,122,251,0.0822
GIA,122,251,0.0822
VERA,122,251,0.0822
FIONA,121,254,0.0815
LEIA,121,254,0.0815
MARY,121,254,0.0815
PAYTON,121,254,0.0815
AISHA,120,258,0.0809
VIVIAN,120,258,0.0809
MARIAM,119,260,0.0802
NOA,119,260,0.0802
BRYNLEE,118,262,0.0795
HEIDI,116,263,0.0782
HOLLY,116,263,0.0782
MORGAN,116,263,0.0782
ALESSIA,115,266,0.0775
DIANA,115,266,0.0775
NATALIA,115,266,0.0775
ASEES,114,269,0.0768
MALIA,114,269,0.0768
WILLA,114,269,0.0768
ZOYA,114,269,0.0768
ZAHRA,113,273,0.0761
ELIANE,112,274,0.0755
KYRA,112,274,0.0755
MELODIE,112,274,0.0755
MIRHA,112,274,0.0755
LEXI,111,278,0.0748
MARGARET,111,278,0.0748
YARA,111,278,0.0748
AGATHE,110,281,0.0741
LILIANA,110,281,0.0741
LIV,110,281,0.0741
ELORA,109,284,0.0734
STEVIE,109,284,0.0734
BIANCA,108,286,0.0728
HOPE,108,286,0.0728
JORDYN,108,286,0.0728
LILAH,108,286,0.0728
LYVIA,108,286,0.0728
PHOEBE,108,286,0.0728
LEANNE,107,292,0.0721
MATHILDE,107,292,0.0721
DAHLIA,106,294,0.0714
JANE,106,294,0.0714
KIRA,106,294,0.0714
ALLISON,105,297,0.0708
HANA,105,297,0.0708
LILY-ROSE,105,297,0.0708
LOUISE,104,300,0.0701
MADDISON,104,300,0.0701
NOOR,104,300,0.0701
LIA,103,303,0.0694
OAKLYN,103,303,0.0694
PRESLEY,103,303,0.0694
YASMINE,103,303,0.0694
BLAKELY,102,307,0.0687
NOEMIE,102,307,0.0687
ASPEN,101,309,0.0681
JUSTINE,101,309,0.0681
LILA,101,309,0.0681
ROMANE,100,312,0.0674
ABIGAELLE,99,313,0.0667
ARIANNA,99,313,0.0667
BAILEY,99,313,0.0667
BRYNN,99,313,0.0667
JESSICA,99,313,0.0667
NAYA,99,313,0.0667
HANNA,98,319,0.066
VALERIE,98,319,0.066
ZAINAB,98,319,0.066
CLEMENCE,97,322,0.0654
CORA,97,322,0.0654
MAIA,97,322,0.0654
RYLEIGH,97,322,0.0654
SYDNEY,97,322,0.0654
KEIRA,96,327,0.0647
OAKLEY,96,327,0.0647
VERONICA,96,327,0.0647
ADALYNN,95,330,0.064
ALAYNA,95,330,0.064
ANAIS,95,330,0.064
ARIELLA,95,330,0.064
BRINLEY,95,330,0.064
ESME,95,330,0.064
NAVY,95,330,0.064
NYRA,95,330,0.064
FAITH,94,338,0.0633
ADRIANA,93,339,0.0627
MARGUERITE,93,339,0.0627
RORY,93,339,0.0627
CORALIE,92,342,0.062
GRACIE,92,342,0.062
NICOLE,92,342,0.062
EVANGELINE,91,345,0.0613
MATILDA,91,345,0.0613
KENZIE,90,347,0.0606
KHADIJA,90,347,0.0606
SABRINA,90,347,0.0606
VANESSA,90,347,0.0606
EMILIE,89,351,0.06
HALLE,89,351,0.06
KATHERINE,89,351,0.06
LOLA,89,351,0.06
SLOAN,89,351,0.06
AUBREE,88,356,0.0593
LUCIE,88,356,0.0593
ALAIA,87,358,0.0586
CATHERINE,87,358,0.0586
RUTH,87,358,0.0586
AMELIE,86,361,0.0579
ELLE,86,361,0.0579
ELLIANA,86,361,0.0579
JANA,86,361,0.0579
FINLEY,85,365,0.0573
ASHLEY,84,366,0.0566
HAYDEN,84,366,0.0566
LYRA,84,366,0.0566
MAGGIE,84,366,0.0566
ADALYN,83,370,0.0559
ASTRID,83,370,0.0559
LAURIE,83,370,0.0559
ANNIKA,82,373,0.0553
HELENA,82,373,0.0553
JULIANA,82,373,0.0553
NYLA,82,373,0.0553
RAELYNN,82,373,0.0553
CASSIDY,81,378,0.0546
GENEVIEVE,81,378,0.0546
LOU,81,378,0.0546
MEGAN,81,378,0.0546
MIKAYLA,81,378,0.0546
RHEA,81,378,0.0546
ANGELINA,80,384,0.0539
INAYA,80,384,0.0539
KIANA,80,384,0.0539
LUCIA,79,387,0.0532
RAYNA,79,387,0.0532
AINSLEY,78,389,0.0526
ALEENA,78,389,0.0526
ALEXIA,78,389,0.0526
JOANNA,78,389,0.0526
MARLEY,78,389,0.0526
MCKENNA,78,389,0.0526
MICHELLE,78,389,0.0526
NOELLE,78,389,0.0526
SIERRA,78,389,0.0526
ADELYN,77,398,0.0519
ARABELLA,77,398,0.0519
EMMY,77,398,0.0519
FRANCES,77,398,0.0519
FRANKIE,77,398,0.0519
MEHAR,77,398,0.0519
ANGELA,76,404,0.0512
JENNA,76,404,0.0512
KHLOE,76,404,0.0512
ANYA,75,407,0.0505
BLAIR,75,407,0.0505
CASSANDRA,75,407,0.0505
HAVEN,75,407,0.0505
ANIKA,74,411,0.0499
ELAINA,74,411,0.0499
ALLIE,73,413,0.0492
CLEMENTINE,73,413,0.0492
LOGAN,73,413,0.0492
ALIVIA,72,416,0.0485
ANDREA,72,416,0.0485
ANNE,72,416,0.0485
CHARLEE,72,416,0.0485
MEADOW,72,416,0.0485
MELISSA,72,416,0.0485
AURELIA,71,422,0.0478
LEONA,71,422,0.0478
MAGALIE,71,422,0.0478
MAKAYLA,71,422,0.0478
SKYE,71,422,0.0478
VIOLETTE,71,422,0.0478
ALIYA,70,428,0.0472
ANA,70,428,0.0472
BETHANY,70,428,0.0472
LILITH,70,428,0.0472
MABEL,70,428,0.0472
MIRIAM,70,428,0.0472
AARYA,69,434,0.0465
ALAYA,69,434,0.0465
BLAIRE,69,434,0.0465
MARA,69,434,0.0465
MILANA,69,434,0.0465
NELLIE,69,434,0.0465
SCOTTIE,69,434,0.0465
HALLIE,68,441,0.0458
LAILA,68,441,0.0458
AMAL,67,443,0.0451
AMANDA,67,443,0.0451
CALI,67,443,0.0451
MARIE,67,443,0.0451
SERENITY,67,443,0.0451
ALEXIE,66,448,0.0445
KATIE,66,448,0.0445
MELINA,66,448,0.0445
SHANAYA,66,448,0.0445
AMINA,65,452,0.0438
DANIELLE,65,452,0.0438
FAYE,65,452,0.0438
MIKAELA,64,455,0.0431
NADIA,64,455,0.0431
CAROLINE,63,457,0.0425
CHRISTINA,63,457,0.0425
DALIA,63,457,0.0425
GLORIA,63,457,0.0425
HAISLEY,63,457,0.0425
MYLAH,63,457,0.0425
ALIA,62,463,0.0418
EMERSON,62,463,0.0418
JULIANNA,62,463,0.0418
LISA,62,463,0.0418
YUSRA,62,463,0.0418
AYAH,61,468,0.0411
JOY,61,468,0.0411
JULIANNE,61,468,0.0411
LAINEY,61,468,0.0411
SCARLET,61,468,0.0411
ALAINA,60,473,0.0404
BLANCHE,60,473,0.0404
KELLY,60,473,0.0404
KYLA,60,473,0.0404
MADYSON,60,473,0.0404
MAELLE,60,473,0.0404
MILENA,60,473,0.0404
TEAGAN,60,473,0.0404
DANIELLA,59,481,0.0398
GABRIELA,59,481,0.0398
MAE,59,481,0.0398
MAELY,59,481,0.0398
ADELIE,58,485,0.0391
APRIL,58,485,0.0391
BROOKLYNN,58,485,0.0391
CHIARA,58,485,0.0391
CLEO,58,485,0.0391
ELISA,58,485,0.0391
HARRIET,58,485,0.0391
JAMIE,58,485,0.0391
LEANA,58,485,0.0391
LYANA,58,485,0.0391
RYLIE,58,485,0.0391
VIVIENNE,58,485,0.0391
AYRA,57,497,0.0384
CAMILLA,57,497,0.0384
ELYSE,57,497,0.0384
EMELIA,57,497,0.0384
EMY,57,497,0.0384
FRANCESCA,57,497,0.0384
HARLEY,57,497,0.0384
HAYLEY,57,497,0.0384
LOUISA,57,497,0.0384
MARIANNE,57,497,0.0384
MEGANE,57,497,0.0384
REYA,57,497,0.0384
SIENA,57,497,0.0384
EMMA-ROSE,56,510,0.0377
FREYJA,56,510,0.0377
KARA,56,510,0.0377
LAYAN,56,510,0.0377
MANNAT,56,510,0.0377
MAREN,56,510,0.0377
MINA,56,510,0.0377
RAVEN,56,510,0.0377
ALISON,55,518,0.0371
DAPHNEE,55,518,0.0371
EDITH,55,518,0.0371
INES,55,518,0.0371
LEENA,55,518,0.0371
LILIA,55,518,0.0371
SASHA,55,518,0.0371
SHAY,55,518,0.0371
THALIA,55,518,0.0371
ALYSON,54,527,0.0364
ELIA,54,527,0.0364
INAAYA,54,527,0.0364
KALI,54,527,0.0364
LIYANA,54,527,0.0364
MAKENNA,54,527,0.0364
MICHAELA,54,527,0.0364
PHOENIX,54,527,0.0364
RUBANI,54,527,0.0364
SAANVI,54,527,0.0364
AJOONI,53,537,0.0357
ALIZA,53,537,0.0357
GWENDOLYN,53,537,0.0357
KAITLYN,53,537,0.0357
LONDON,53,537,0.0357
LYANNA,53,537,0.0357
MADILYN,53,537,0.0357
MARION,53,537,0.0357
MAVIS,53,537,0.0357
SYLVIE,53,537,0.0357
WINTER,53,537,0.0357
ALANA,52,548,0.035
ALEXANDRIA,52,548,0.035
AMALIA,52,548,0.035
BRIA,52,548,0.035
CHELSEA,52,548,0.035
ELSA,52,548,0.035
HARMONY,52,548,0.035
JOLENE,52,548,0.035
MELANIE,52,548,0.035
NYLAH,52,548,0.035
TALA,52,548,0.035
AXELLE,51,559,0.0344
BRIDGET,51,559,0.0344
BRIELLA,51,559,0.0344
CONSTANCE,51,559,0.0344
ELLIOTT,51,559,0.0344
JAYLA,51,559,0.0344
KATELYN,51,559,0.0344
LEANE,51,559,0.0344
LILIANE,51,559,0.0344
MARIAH,51,559,0.0344
MEREDITH,51,559,0.0344
TIFFANY,51,559,0.0344
ALORA,50,571,0.0337
AMYRA,50,571,0.0337
BAANI,50,571,0.0337
ELINA,50,571,0.0337
EZRA,50,571,0.0337
JOCELYN,50,571,0.0337
JOELLE,50,571,0.0337
LEYLA,50,571,0.0337
MAIKA,50,571,0.0337
NIA,50,571,0.0337
ROSA,50,571,0.0337
SAMARA,50,571,0.0337
AADHYA,49,583,0.033
ADELINA,49,583,0.033
ARIANE,49,583,0.033
AVERIE,49,583,0.033
CASEY,49,583,0.033
ELIANNA,49,583,0.033
HALEY,49,583,0.033
KAYLEIGH,49,583,0.033
SHILOH,49,583,0.033
SIA,49,583,0.033
ZURI,49,583,0.033
AMAIRA,48,594,0.0323
ANDIE,48,594,0.0323
FELICITY,48,594,0.0323
LAURALIE,48,594,0.0323
LEA-ROSE,48,594,0.0323
MADDIE,48,594,0.0323
MAXINE,48,594,0.0323
RAINA,48,594,0.0323
SANA,48,594,0.0323
ARIYA,47,603,0.0317
CALLIOPE,47,603,0.0317
CAMRYN,47,603,0.0317
CARMEN,47,603,0.0317
CATALINA,47,603,0.0317
CELIA,47,603,0.0317
ELLIOT,47,603,0.0317
ESMEE,47,603,0.0317
EVA-ROSE,47,603,0.0317
INDIE,47,603,0.0317
IYLA,47,603,0.0317
JULIET,47,603,0.0317
MALAK,47,603,0.0317
SKYLA,47,603,0.0317
SOFIE,47,603,0.0317
SYEDA,47,603,0.0317
TARA,47,603,0.0317
AMARI,46,620,0.031
EVERLEE,46,620,0.031
LEEN,46,620,0.031
PRISHA,46,620,0.031
SALMA,46,620,0.031
WINNIE,46,620,0.031
YUNA,46,620,0.031
ABYGAELLE,45,627,0.0303
ALMA,45,627,0.0303
AYAT,45,627,0.0303
AZALEA,45,627,0.0303
COLLINS,45,627,0.0303
DANICA,45,627,0.0303
JESSIE,45,627,0.0303
JILLIAN,45,627,0.0303
KENDALL,45,627,0.0303
MALLORY,45,627,0.0303
MILEY,45,627,0.0303
NOVALIE,45,627,0.0303
PENNY,45,627,0.0303
SHELBY,45,627,0.0303
SPENCER,45,627,0.0303
WYNTER,45,627,0.0303
ANAELLE,44,643,0.0296
ANGEL,44,643,0.0296
FREDERIQUE,44,643,0.0296
GISELE,44,643,0.0296
GRACELYN,44,643,0.0296
KENZA,44,643,0.0296
LILIAN,44,643,0.0296
MACY,44,643,0.0296
MARTHA,44,643,0.0296
SAANJH,44,643,0.0296
SAOIRSE,44,643,0.0296
AILA,43,654,0.029
ALYCIA,43,654,0.029
AMREEN,43,654,0.029
ARZOI,43,654,0.029
AYANA,43,654,0.029
CELINA,43,654,0.029
ERIN,43,654,0.029
HAFSA,43,654,0.029
INAYAT,43,654,0.029
KIMBERLY,43,654,0.029
MARGAUX,43,654,0.029
PEARL,43,654,0.029
RAELYN,43,654,0.029
SELINA,43,654,0.029
AANYA,42,668,0.0283
ANIYAH,42,668,0.0283
AYZAL,42,668,0.0283
CAMERON,42,668,0.0283
CAPRI,42,668,0.0283
CASSIE,42,668,0.0283
DAKOTA,42,668,0.0283
DANA,42,668,0.0283
FLORALIE,42,668,0.0283
GENESIS,42,668,0.0283
ISRA,42,668,0.0283
JAYDA,42,668,0.0283
JOYCE,42,668,0.0283
JUDITH,42,668,0.0283
KIERA,42,668,0.0283
LAYNE,42,668,0.0283
LEANNA,42,668,0.0283
LEIGHTON,42,668,0.0283
LENI,42,668,0.0283
MAXIME,42,668,0.0283
ZAYNAB,42,668,0.0283
ADRIANNA,41,689,0.0276
ANDI,41,689,0.0276
DANIELA,41,689,0.0276
EVELYNN,41,689,0.0276
IBADAT,41,689,0.0276
JEMMA,41,689,0.0276
JOHANNA,41,689,0.0276
NELLY,41,689,0.0276
NOUR,41,689,0.0276
ROMIE,41,689,0.0276
ABIGAEL,40,699,0.027
ADELYNN,40,699,0.027
ALEXA,40,699,0.027
DOROTHY,40,699,0.027
IMANI,40,699,0.027
JORDAN,40,699,0.027
KACEY,40,699,0.027
LOUNA,40,699,0.027
MAISY,40,699,0.027
MARILOU,40,699,0.027
MEERA,40,699,0.027
NAOMIE,40,699,0.027
ROBYN,40,699,0.027
SEERAT,40,699,0.027
STEPHANIE,40,699,0.027
TAYA,40,699,0.027
ASHLYN,39,715,0.0263
AYESHA,39,715,0.0263
CADENCE,39,715,0.0263
DREW,39,715,0.0263
ELIE,39,715,0.0263
ELLIS,39,715,0.0263
EMBERLY,39,715,0.0263
GIULIA,39,715,0.0263
JULIE,39,715,0.0263
LUCILLE,39,715,0.0263
MCKINLEY,39,715,0.0263
MIRANDA,39,715,0.0263
NILA,39,715,0.0263
OCEANNE,39,715,0.0263
RAFAELLE,39,715,0.0263
ROMI,39,715,0.0263
SAM,39,715,0.0263
THEODORA,39,715,0.0263
AARNA,38,733,0.0256
ALYA,38,733,0.0256
ARIAH,38,733,0.0256
ERIKA,38,733,0.0256
EVERLEY,38,733,0.0256
GURNAAZ,38,733,0.0256
GWEN,38,733,0.0256
HIBA,38,733,0.0256
JAPJI,38,733,0.0256
KINLEY,38,733,0.0256
MARGO,38,733,0.0256
MIYA,38,733,0.0256
NATASHA,38,733,0.0256
NOLA,38,733,0.0256
OLLIE,38,733,0.0256
PALMER,38,733,0.0256
REINA,38,733,0.0256
ROSEMARY,38,733,0.0256
SAFA,38,733,0.0256
TENLEY,38,733,0.0256
TRINITY,38,733,0.0256
WRENLEY,38,733,0.0256
ZIA,38,733,0.0256
ZOELIE,38,733,0.0256
AVREEN,37,757,0.0249
CIARA,37,757,0.0249
DYLAN,37,757,0.0249
EMMANUELLE,37,757,0.0249
HUNTER,37,757,0.0249
IRA,37,757,0.0249
IRENE,37,757,0.0249
JENNIFER,37,757,0.0249
KENDRA,37,757,0.0249
MISHA,37,757,0.0249
REYNA,37,757,0.0249
RYAN,37,757,0.0249
SELAH,37,757,0.0249
ALISHA,36,770,0.0243
AMANAT,36,770,0.0243
ANAHAT,36,770,0.0243
ARZOYI,36,770,0.0243
CATALEYA,36,770,0.0243
DELANEY,36,770,0.0243
DINA,36,770,0.0243
FALLON,36,770,0.0243
HAYLEE,36,770,0.0243
HELEN,36,770,0.0243
HENLEY,36,770,0.0243
JANELLE,36,770,0.0243
JIND,36,770,0.0243
KRISHA,36,770,0.0243
MAGNOLIA,36,770,0.0243
MAUDE,36,770,0.0243
MEHREEN,36,770,0.0243
MELIA,36,770,0.0243
RAE,36,770,0.0243
REMY,36,770,0.0243
RENEE,36,770,0.0243
RIYA,36,770,0.0243
SAMUELLE,36,770,0.0243
TIANA,36,770,0.0243
BABY,35,794,0.0236
DIYA,35,794,0.0236
FELICIA,35,794,0.0236
JANNAH,35,794,0.0236
KATERINA,35,794,0.0236
KHADIJAH,35,794,0.0236
KLARA,35,794,0.0236
ROBIN,35,794,0.0236
SAIGE,35,794,0.0236
SAMA,35,794,0.0236
SUTTON,35,794,0.0236
VAYDA,35,794,0.0236
ADLEY,34,806,0.0229
AUBRIE,34,806,0.0229
AVLEEN,34,806,0.0229
CECELIA,34,806,0.0229
CHARLI,34,806,0.0229
JANNAT,34,806,0.0229
KAMILA,34,806,0.0229
KEHLANI,34,806,0.0229
KEZIAH,34,806,0.0229
LONDYN,34,806,0.0229
LOUANE,34,806,0.0229
LUCIANA,34,806,0.0229
MACIE,34,806,0.0229
MORGANE,34,806,0.0229
NANCY,34,806,0.0229
SAVREEN,34,806,0.0229
SAYLOR,34,806,0.0229
SUNNY,34,806,0.0229
TATUM,34,806,0.0229
AGNES,33,825,0.0222
ALENA,33,825,0.0222
AMELYA,33,825,0.0222
AMIYAH,33,825,0.0222
BEATRIX,33,825,0.0222
BREE,33,825,0.0222
CAMELIA,33,825,0.0222
CHARLIE-ROSE,33,825,0.0222
DAVINA,33,825,0.0222
EILEEN,33,825,0.0222
ELOWEN,33,825,0.0222
ETTA,33,825,0.0222
HARGUN,33,825,0.0222
ISOBEL,33,825,0.0222
JOURNEY,33,825,0.0222
JUDY,33,825,0.0222
KALLIE,33,825,0.0222
KATRINA,33,825,0.0222
LACEY,33,825,0.0222
LILIANNE,33,825,0.0222
LILYA,33,825,0.0222
MARINE,33,825,0.0222
MARLOWE,33,825,0.0222
MIKA,33,825,0.0222
MONICA,33,825,0.0222
MONROE,33,825,0.0222
REMINGTON,33,825,0.0222
TIA,33,825,0.0222
VIOLA,33,825,0.0222
ALESSANDRA,32,854,0.0216
ARIYAH,32,854,0.0216
BRAELYNN,32,854,0.0216
CLOVER,32,854,0.0216
ELYANA,32,854,0.0216
GEORGINA,32,854,0.0216
IRHA,32,854,0.0216
KAIYA,32,854,0.0216
KELSEY,32,854,0.0216
MALIKA,32,854,0.0216
MAXIM,32,854,0.0216
MEHER,32,854,0.0216
MYAH,32,854,0.0216
NADINE,32,854,0.0216
NIMRAT,32,854,0.0216
SEHAJ,32,854,0.0216
SIYA,32,854,0.0216
ALLYSON,31,871,0.0209
CARA,31,871,0.0209
COLETTE,31,871,0.0209
DANIA,31,871,0.0209
DESTINY,31,871,0.0209
EMMIE,31,871,0.0209
FIADH,31,871,0.0209
GOLDIE,31,871,0.0209
HOLLAND,31,871,0.0209
IMOGEN,31,871,0.0209
IZABELLA,31,871,0.0209
KAIRA,31,871,0.0209
LEILANI,31,871,0.0209
LOUANA,31,871,0.0209
MAHEE,31,871,0.0209
MARWA,31,871,0.0209
MCKENZIE,31,871,0.0209
ROSALIA,31,871,0.0209
SIFAT,31,871,0.0209
SKYLER,31,871,0.0209
VIVIANE,31,871,0.0209
WHITNEY,31,871,0.0209
ZARIAH,31,871,0.0209
ADELIA,30,894,0.0202
AMAYAH,30,894,0.0202
ANNABELLA,30,894,0.0202
CHARLEY,30,894,0.0202
DANI,30,894,0.0202
ELAINE,30,894,0.0202
ELEA,30,894,0.0202
ELOWYN,30,894,0.0202
EMMELINE,30,894,0.0202
FATIMAH,30,894,0.0202
GIULIANA,30,894,0.0202
INARA,30,894,0.0202
JACQUELINE,30,894,0.0202
LAUREL,30,894,0.0202
LENNOX,30,894,0.0202
LYLAH,30,894,0.0202
MALAIKA,30,894,0.0202
MARISSA,30,894,0.0202
OAKLEIGH,30,894,0.0202
OCEAN,30,894,0.0202
SIDRA,30,894,0.0202
SKY,30,894,0.0202
SYLVIA,30,894,0.0202
VALERIA,30,894,0.0202
VEDA,30,894,0.0202
YASMIN,30,894,0.0202
ZELDA,30,894,0.0202
ZENDAYA,30,894,0.0202
ABBIE,29,922,0.0195
ALIE,29,922,0.0195
ALITA,29,922,0.0195
AMARAH,29,922,0.0195
ANNABEL,29,922,0.0195
AUGUST,29,922,0.0195
AUSTYN,29,922,0.0195
BEA,29,922,0.0195
JIANNA,29,922,0.0195
JOVIE,29,922,0.0195
LESLIE,29,922,0.0195
LILI,29,922,0.0195
LORELEI,29,922,0.0195
MARINA,29,922,0.0195
MINHA,29,922,0.0195
NELYA,29,922,0.0195
RAEGAN,29,922,0.0195
RANIA,29,922,0.0195
REIGN,29,922,0.0195
SAMAIRA,29,922,0.0195
TATIANA,29,922,0.0195
WENDY,29,922,0.0195
WINIFRED,29,922,0.0195
WINNIFRED,29,922,0.0195
ZAYA,29,922,0.0195
ZOLA,29,922,0.0195
AIZA,28,948,0.0189
ALISSA,28,948,0.0189
AMIRAH,28,948,0.0189
ARWA,28,948,0.0189
CYNTHIA,28,948,0.0189
DEBORAH,28,948,0.0189
DUA,28,948,0.0189
ELEANORE,28,948,0.0189
ELLIANNA,28,948,0.0189
FARAH,28,948,0.0189
GISELLE,28,948,0.0189
HALIMA,28,948,0.0189
HAYA,28,948,0.0189
KAILEY,28,948,0.0189
LILLIANA,28,948,0.0189
MACEY,28,948,0.0189
MARIANA,28,948,0.0189
MARIGOLD,28,948,0.0189
PETRA,28,948,0.0189
REAGAN,28,948,0.0189
YANA,28,948,0.0189
AAVYA,27,969,0.0182
ABYGAEL,27,969,0.0182
AICHA,27,969,0.0182
ALAYAH,27,969,0.0182
ALEAH,27,969,0.0182
ALISA,27,969,0.0182
ALTHEA,27,969,0.0182
AYLIN,27,969,0.0182
BRAELYN,27,969,0.0182
CARLY,27,969,0.0182
HUDA,27,969,0.0182
IVORY,27,969,0.0182
JUNO,27,969,0.0182
KARINA,27,969,0.0182
LENNA,27,969,0.0182
LETTY,27,969,0.0182
LINDA,27,969,0.0182
MARLEE,27,969,0.0182
MYRIAM,27,969,0.0182
NALA,27,969,0.0182
NAYLA,27,969,0.0182
PARIS,27,969,0.0182
ROSELINE,27,969,0.0182
SORAYA,27,969,0.0182
VADA,27,969,0.0182
ZOHA,27,969,0.0182
AAYAT,26,995,0.0175
ALLY,26,995,0.0175
ANAYAT,26,995,0.0175
ASEEL,26,995,0.0175
AVIANA,26,995,0.0175
BANI,26,995,0.0175
DEMI,26,995,0.0175
ELAYNA,26,995,0.0175
ESMAE,26,995,0.0175
FERN,26,995,0.0175
HOORAIN,26,995,0.0175
IDA,26,995,0.0175
JAZLYN,26,995,0.0175
JENNY,26,995,0.0175
JONI,26,995,0.0175
KAMRYN,26,995,0.0175
KAYLIE,26,995,0.0175
KORA,26,995,0.0175
MEGHAN,26,995,0.0175
PAISLEE,26,995,0.0175
RITA,26,995,0.0175
ROSALYN,26,995,0.0175
SAMIRA,26,995,0.0175
SCARLETTE,26,995,0.0175
SCOUT,26,995,0.0175
SELENE,26,995,0.0175
TINA,26,995,0.0175
ZAINA,26,995,0.0175
AIDA,25,"1,023",0.0168
AMAYRA,25,"1,023",0.0168
AMEERA,25,"1,023",0.0168
AMINATA,25,"1,023",0.0168
ANABELLE,25,"1,023",0.0168
ANAYRA,25,"1,023",0.0168
ANTONELLA,25,"1,023",0.0168
AOIFE,25,"1,023",0.0168
AVNOOR,25,"1,023",0.0168
BRYNLEY,25,"1,023",0.0168
DANIKA,25,"1,023",0.0168
ERICA,25,"1,023",0.0168
ISHA,25,"1,023",0.0168
KASSANDRA,25,"1,023",0.0168
KAYA,25,"1,023",0.0168
LEXA,25,"1,023",0.0168
MASA,25,"1,023",0.0168
REEM,25,"1,023",0.0168
ROWYN,25,"1,023",0.0168
SAFIA,25,"1,023",0.0168
SAFIYA,25,"1,023",0.0168
SYBIL,25,"1,023",0.0168
THERESA,25,"1,023",0.0168
ZAIRA,25,"1,023",0.0168
ALBA,24,"1,047",0.0162
ALIX,24,"1,047",0.0162
ALYSSIA,24,"1,047",0.0162
ANAISHA,24,"1,047",0.0162
ANNALISE,24,"1,047",0.0162
ARI,24,"1,047",0.0162
ARTEMIS,24,"1,047",0.0162
AVIANNA,24,"1,047",0.0162
AYVA,24,"1,047",0.0162
BERKLEY,24,"1,047",0.0162
ECHO,24,"1,047",0.0162
ELISHA,24,"1,047",0.0162
ELLEN,24,"1,047",0.0162
ELLY,24,"1,047",0.0162
EMA,24,"1,047",0.0162
EMAAN,24,"1,047",0.0162
GURMEHAR,24,"1,047",0.0162
INGRID,24,"1,047",0.0162
IVANA,24,"1,047",0.0162
LINDSAY,24,"1,047",0.0162
LYA,24,"1,047",0.0162
MACI,24,"1,047",0.0162
MALIYAH,24,"1,047",0.0162
NADA,24,"1,047",0.0162
NOAH,24,"1,047",0.0162
ODESSA,24,"1,047",0.0162
PRISCILLA,24,"1,047",0.0162
RAINE,24,"1,047",0.0162
RYLAN,24,"1,047",0.0162
SAIRA,24,"1,047",0.0162
SAVANNA,24,"1,047",0.0162
SCOTLYN,24,"1,047",0.0162
ADDILYN,23,"1,079",0.0155
ADDISYN,23,"1,079",0.0155
ANAEVE,23,"1,079",0.0155
ANGELICA,23,"1,079",0.0155
ANIA,23,"1,079",0.0155
BONNIE,23,"1,079",0.0155
BRYNLEIGH,23,"1,079",0.0155
CARTER,23,"1,079",0.0155
ELENI,23,"1,079",0.0155
ELISSA,23,"1,079",0.0155
ESMERALDA,23,"1,079",0.0155
GRACELYNN,23,"1,079",0.0155
HADASSAH,23,"1,079",0.0155
HEATHER,23,"1,079",0.0155
JAYDE,23,"1,079",0.0155
KALINA,23,"1,079",0.0155
KAYDENCE,23,"1,079",0.0155
KUDRAT,23,"1,079",0.0155
LAYA,23,"1,079",0.0155
LILIANNA,23,"1,079",0.0155
LIYA,23,"1,079",0.0155
MADDY,23,"1,079",0.0155
MADELYNN,23,"1,079",0.0155
MOIRA,23,"1,079",0.0155
MONA,23,"1,079",0.0155
NAILA,23,"1,079",0.0155
OAKLEE,23,"1,079",0.0155
RABAB,23,"1,079",0.0155
SHEA,23,"1,079",0.0155
SIMONA,23,"1,079",0.0155
SOLEIL,23,"1,079",0.0155
TALYA,23,"1,079",0.0155
VAANI,23,"1,079",0.0155
AIRA,22,"1,112",0.0148
AKIRA,22,"1,112",0.0148
ALEXANNE,22,"1,112",0.0148
ANITA,22,"1,112",0.0148
ARIZONA,22,"1,112",0.0148
AURA,22,"1,112",0.0148
AVNEET,22,"1,112",0.0148
BELLAMY,22,"1,112",0.0148
BLAYKE,22,"1,112",0.0148
BOWIE,22,"1,112",0.0148
CALLA,22,"1,112",0.0148
CHRISTINE,22,"1,112",0.0148
CLAUDIA,22,"1,112",0.0148
ELINE,22,"1,112",0.0148
HARLYN,22,"1,112",0.0148
HATTIE,22,"1,112",0.0148
ILYANA,22,"1,112",0.0148
JIYA,22,"1,112",0.0148
KAISLEY,22,"1,112",0.0148
KATHRYN,22,"1,112",0.0148
KAYCEE,22,"1,112",0.0148
KENNA,22,"1,112",0.0148
LARK,22,"1,112",0.0148
LENORA,22,"1,112",0.0148
LEYA,22,"1,112",0.0148
LINNEA,22,"1,112",0.0148
LORENA,22,"1,112",0.0148
LUANA,22,"1,112",0.0148
LYNA,22,"1,112",0.0148
MAIRA,22,"1,112",0.0148
MAKENZIE,22,"1,112",0.0148
MANHA,22,"1,112",0.0148
MERCY,22,"1,112",0.0148
MILLER,22,"1,112",0.0148
NAIA,22,"1,112",0.0148
NIYA,22,"1,112",0.0148
OLIE,22,"1,112",0.0148
SANDRA,22,"1,112",0.0148
SAPPHIRE,22,"1,112",0.0148
STACY,22,"1,112",0.0148
TIARAOLUWA,22,"1,112",0.0148
TORI,22,"1,112",0.0148
ALINE,21,"1,154",0.0142
AMANI,21,"1,154",0.0142
AMNA,21,"1,154",0.0142
ANANYA,21,"1,154",0.0142
ASIYA,21,"1,154",0.0142
ASMA,21,"1,154",0.0142
ASPYN,21,"1,154",0.0142
AUSTIN,21,"1,154",0.0142
AVAH,21,"1,154",0.0142
AVANI,21,"1,154",0.0142
AYZEL,21,"1,154",0.0142
CASSIA,21,"1,154",0.0142
CLOE,21,"1,154",0.0142
CORDELIA,21,"1,154",0.0142
EVANA,21,"1,154",0.0142
FARRAH,21,"1,154",0.0142
FELIXE,21,"1,154",0.0142
FINNLEY,21,"1,154",0.0142
FLORE,21,"1,154",0.0142
HANIYA,21,"1,154",0.0142
HEAVEN,21,"1,154",0.0142
IVANNA,21,"1,154",0.0142
JIA,21,"1,154",0.0142
JOURY,21,"1,154",0.0142
LORELAI,21,"1,154",0.0142
LUELLA,21,"1,154",0.0142
LYRIC,21,"1,154",0.0142
MAJA,21,"1,154",0.0142
MAPLE,21,"1,154",0.0142
MAY,21,"1,154",0.0142
NIKKI,21,"1,154",0.0142
NOELY,21,"1,154",0.0142
RYANN,21,"1,154",0.0142
SAHANA,21,"1,154",0.0142
SARGUN,21,"1,154",0.0142
TENZIN,21,"1,154",0.0142
TILLY,21,"1,154",0.0142
WAVERLY,21,"1,154",0.0142
ZARAH,21,"1,154",0.0142
ZIVA,21,"1,154",0.0142
ZORA,21,"1,154",0.0142
AIMEE,20,"1,195",0.0135
ALARA,20,"1,195",0.0135
ALEXE,20,"1,195",0.0135
ALIZEE,20,"1,195",0.0135
ASHLYNN,20,"1,195",0.0135
ATLAS,20,"1,195",0.0135
AVNI,20,"1,195",0.0135
BAYAN,20,"1,195",0.0135
BREANNA,20,"1,195",0.0135
CHARLY,20,"1,195",0.0135
CHEYENNE,20,"1,195",0.0135
DANAE,20,"1,195",0.0135
DARCY,20,"1,195",0.0135
EIRA,20,"1,195",0.0135
ELAHI,20,"1,195",0.0135
ELARA,20,"1,195",0.0135
EMERAUDE,20,"1,195",0.0135
ESTELLA,20,"1,195",0.0135
EVY,20,"1,195",0.0135
GURBANI,20,"1,195",0.0135
HARLEE,20,"1,195",0.0135
HARLEEN,20,"1,195",0.0135
HAWA,20,"1,195",0.0135
IMAN,20,"1,195",0.0135
INDIANA,20,"1,195",0.0135
ISABELA,20,"1,195",0.0135
IZABELLE,20,"1,195",0.0135
JADA,20,"1,195",0.0135
JORDANE,20,"1,195",0.0135
KALANI,20,"1,195",0.0135
KATALEYA,20,"1,195",0.0135
LAURALY,20,"1,195",0.0135
LEXY,20,"1,195",0.0135
LILOU,20,"1,195",0.0135
LORETTA,20,"1,195",0.0135
MALAYA,20,"1,195",0.0135
MANREET,20,"1,195",0.0135
MARCELINE,20,"1,195",0.0135
MIRAL,20,"1,195",0.0135
NAVYA,20,"1,195",0.0135
NEVE,20,"1,195",0.0135
ODETTE,20,"1,195",0.0135
PATRICIA,20,"1,195",0.0135
PRINCESS,20,"1,195",0.0135
RIHANNA,20,"1,195",0.0135
SALLY,20,"1,195",0.0135
VAEDA,20,"1,195",0.0135
ZARIA,20,"1,195",0.0135
ZAYLA,20,"1,195",0.0135
ZOFIA,20,"1,195",0.0135
ALANNA,19,"1,245",0.0128
AMEN,19,"1,245",0.0128
ARWEN,19,"1,245",0.0128
AVAYA,19,"1,245",0.0128
AZARIAH,19,"1,245",0.0128
BEXLEY,19,"1,245",0.0128
CARINA,19,"1,245",0.0128
CHANEL,19,"1,245",0.0128
CLARE,19,"1,245",0.0128
DELLA,19,"1,245",0.0128
ELINOR,19,"1,245",0.0128
EMI,19,"1,245",0.0128
ENSLEY,19,"1,245",0.0128
EUGENIE,19,"1,245",0.0128
EVALYN,19,"1,245",0.0128
EVELINA,19,"1,245",0.0128
HAYLIE,19,"1,245",0.0128
JANNA,19,"1,245",0.0128
JEWEL,19,"1,245",0.0128
JOEY,19,"1,245",0.0128
KEERAT,19,"1,245",0.0128
KENSLEY,19,"1,245",0.0128
LAURYN,19,"1,245",0.0128
LAYNA,19,"1,245",0.0128
LEELA,19,"1,245",0.0128
MADISYN,19,"1,245",0.0128
MARIANNA,19,"1,245",0.0128
MARLEIGH,19,"1,245",0.0128
MARLO,19,"1,245",0.0128
MEHR,19,"1,245",0.0128
MISHKA,19,"1,245",0.0128
NATHALIE,19,"1,245",0.0128
NIKA,19,"1,245",0.0128
NOEMI,19,"1,245",0.0128
PRIYA,19,"1,245",0.0128
RAEYA,19,"1,245",0.0128
RAYAH,19,"1,245",0.0128
RIA,19,"1,245",0.0128
RIO,19,"1,245",0.0128
SALOME,19,"1,245",0.0128
SHAYLA,19,"1,245",0.0128
SONIA,19,"1,245",0.0128
TAMARA,19,"1,245",0.0128
TASNEEM,19,"1,245",0.0128
TEGAN,19,"1,245",0.0128
TESS,19,"1,245",0.0128
VANYA,19,"1,245",0.0128
ZAYLEE,19,"1,245",0.0128
ZAYNA,19,"1,245",0.0128
AARVI,18,"1,294",0.0121
ANTONIA,18,"1,294",0.0121
ARIANNE,18,"1,294",0.0121
ASHA,18,"1,294",0.0121
AUDRINA,18,"1,294",0.0121
AZARIA,18,"1,294",0.0121
BEATRIZ,18,"1,294",0.0121
BETTY,18,"1,294",0.0121
BRIANA,18,"1,294",0.0121
CHARLIZE,18,"1,294",0.0121
CHAYA,18,"1,294",0.0121
DELIA,18,"1,294",0.0121
DESIREE,18,"1,294",0.0121
ELYA,18,"1,294",0.0121
ELYSSA,18,"1,294",0.0121
EMAN,18,"1,294",0.0121
EMERALD,18,"1,294",0.0121
EUNICE,18,"1,294",0.0121
EVALIE,18,"1,294",0.0121
GAIA,18,"1,294",0.0121
GRETA,18,"1,294",0.0121
GURASEES,18,"1,294",0.0121
GURNOOR,18,"1,294",0.0121
HADIYA,18,"1,294",0.0121
JAZMINE,18,"1,294",0.0121
KAILA,18,"1,294",0.0121
KALIYAH,18,"1,294",0.0121
KIANNA,18,"1,294",0.0121
LILLIE,18,"1,294",0.0121
LOTTIE,18,"1,294",0.0121
LYNE,18,"1,294",0.0121
MAZIKEEN,18,"1,294",0.0121
MERCEDES,18,"1,294",0.0121
NADAR,18,"1,294",0.0121
NOELLA,18,"1,294",0.0121
NOVAH,18,"1,294",0.0121
NOVALEE,18,"1,294",0.0121
OLIVIA-ROSE,18,"1,294",0.0121
OPAL,18,"1,294",0.0121
ORIANA,18,"1,294",0.0121
PAULINE,18,"1,294",0.0121
PHILIPPA,18,"1,294",0.0121
REBEKAH,18,"1,294",0.0121
REET,18,"1,294",0.0121
ROSALIND,18,"1,294",0.0121
ROWEN,18,"1,294",0.0121
THEIA,18,"1,294",0.0121
VIVIANNE,18,"1,294",0.0121
WYNN,18,"1,294",0.0121
AADYA,17,"1,343",0.0115
AASHVI,17,"1,343",0.0115
ADDYSON,17,"1,343",0.0115
AGATHA,17,"1,343",0.0115
ALYCE,17,"1,343",0.0115
AMBAR,17,"1,343",0.0115
ANNA-ROSE,17,"1,343",0.0115
ANNETTE,17,"1,343",0.0115
ANOUK,17,"1,343",0.0115
AVALYNN,17,"1,343",0.0115
AVAYAH,17,"1,343",0.0115
BERNADETTE,17,"1,343",0.0115
BRONWYN,17,"1,343",0.0115
BRYN,17,"1,343",0.0115
CAITLYN,17,"1,343",0.0115
CLARISSA,17,"1,343",0.0115
DALLAS,17,"1,343",0.0115
DEANNA,17,"1,343",0.0115
DIA,17,"1,343",0.0115
EDIE,17,"1,343",0.0115
EILA,17,"1,343",0.0115
ELEEN,17,"1,343",0.0115
FRANCINE,17,"1,343",0.0115
HADLEE,17,"1,343",0.0115
HARTLEY,17,"1,343",0.0115
IQRA,17,"1,343",0.0115
IRELAND,17,"1,343",0.0115
JAELYN,17,"1,343",0.0115
JAYA,17,"1,343",0.0115
JUBILEE,17,"1,343",0.0115
KINGSLEY,17,"1,343",0.0115
LETICIA,17,"1,343",0.0115
LIANNA,17,"1,343",0.0115
LIBBY,17,"1,343",0.0115
MADINA,17,"1,343",0.0115
MAGDALENA,17,"1,343",0.0115
MAIZIE,17,"1,343",0.0115
MARILYN,17,"1,343",0.0115
MAYAR,17,"1,343",0.0115
MAYRA,17,"1,343",0.0115
MILAN,17,"1,343",0.0115
MILLA,17,"1,343",0.0115
MORIAH,17,"1,343",0.0115
NELLA,17,"1,343",0.0115
NOURA,17,"1,343",0.0115
NYAH,17,"1,343",0.0115
PAITYN,17,"1,343",0.0115
PAULINA,17,"1,343",0.0115
RANA,17,"1,343",0.0115
ROXANNE,17,"1,343",0.0115
RUHI,17,"1,343",0.0115
SAISHA,17,"1,343",0.0115
SAKINA,17,"1,343",0.0115
SARINA,17,"1,343",0.0115
TERESA,17,"1,343",0.0115
TIANNA,17,"1,343",0.0115
TRISHA,17,"1,343",0.0115
VIANNA,17,"1,343",0.0115
ADIA,16,"1,401",0.0108
ADRIELLE,16,"1,401",0.0108
AKSHARA,16,"1,401",0.0108
AMINAH,16,"1,401",0.0108
AMORA,16,"1,401",0.0108
ANVI,16,"1,401",0.0108
ARAYA,16,"1,401",0.0108
ARYANA,16,"1,401",0.0108
BETHEL,16,"1,401",0.0108
BEVERLY,16,"1,401",0.0108
BILLIE-ROSE,16,"1,401",0.0108
BRAYLEE,16,"1,401",0.0108
BREA,16,"1,401",0.0108
BRENNA,16,"1,401",0.0108
BRITTANY,16,"1,401",0.0108
CHARLEIGH,16,"1,401",0.0108
DARIA,16,"1,401",0.0108
DENISE,16,"1,401",0.0108
ELA,16,"1,401",0.0108
ELIORA,16,"1,401",0.0108
ELLIA,16,"1,401",0.0108
EMMALYN,16,"1,401",0.0108
EMMANUELLA,16,"1,401",0.0108
FRIDA,16,"1,401",0.0108
GUNEET,16,"1,401",0.0108
GWYNETH,16,"1,401",0.0108
HARLOWE,16,"1,401",0.0108
HARNOOR,16,"1,401",0.0108
HEBA,16,"1,401",0.0108
HUSNA,16,"1,401",0.0108
JAELYNN,16,"1,401",0.0108
JOAN,16,"1,401",0.0108
JOANNE,16,"1,401",0.0108
JUSTINA,16,"1,401",0.0108
KAMILLA,16,"1,401",0.0108
KARLEE,16,"1,401",0.0108
KELLY-ANN,16,"1,401",0.0108
KRISTINA,16,"1,401",0.0108
LARISSA,16,"1,401",0.0108
LENNYN,16,"1,401",0.0108
LILYANNA,16,"1,401",0.0108
LUISA,16,"1,401",0.0108
LUJAIN,16,"1,401",0.0108
LUMI,16,"1,401",0.0108
MADILYNN,16,"1,401",0.0108
MARIELLA,16,"1,401",0.0108
MARLOW,16,"1,401",0.0108
MARTINA,16,"1,401",0.0108
MATHILDA,16,"1,401",0.0108
MATTEA,16,"1,401",0.0108
MAYVA,16,"1,401",0.0108
MIAH,16,"1,401",0.0108
MIRABELLE,16,"1,401",0.0108
NAIMA,16,"1,401",0.0108
NEVEAH,16,"1,401",0.0108
PRUDENCE,16,"1,401",0.0108
PYPER,16,"1,401",0.0108
RAMONA,16,"1,401",0.0108
RAYLA,16,"1,401",0.0108
RAYNE,16,"1,401",0.0108
RENN,16,"1,401",0.0108
ROSALY,16,"1,401",0.0108
SHAM,16,"1,401",0.0108
SHIRLEY,16,"1,401",0.0108
SIDAK,16,"1,401",0.0108
STAR,16,"1,401",0.0108
TANYA,16,"1,401",0.0108
TEODORA,16,"1,401",0.0108
VERONIKA,16,"1,401",0.0108
VIDA,16,"1,401",0.0108
YASMINA,16,"1,401",0.0108
ADIRA,15,"1,472",0.0101
ADORA,15,"1,472",0.0101
ADRIENNE,15,"1,472",0.0101
AHANA,15,"1,472",0.0101
ALIANA,15,"1,472",0.0101
ANAYAH,15,"1,472",0.0101
ANGELIQUE,15,"1,472",0.0101
ANIYA,15,"1,472",0.0101
ARYANNA,15,"1,472",0.0101
AVALYN,15,"1,472",0.0101
AVERI,15,"1,472",0.0101
AVIRA,15,"1,472",0.0101
AYANNA,15,"1,472",0.0101
AYSHA,15,"1,472",0.0101
AZELIE,15,"1,472",0.0101
BELLE,15,"1,472",0.0101
CARLA,15,"1,472",0.0101
CLARKE,15,"1,472",0.0101
CORALINE,15,"1,472",0.0101
EFFIE,15,"1,472",0.0101
ELIANNE,15,"1,472",0.0101
GAELLE,15,"1,472",0.0101
GIADA,15,"1,472",0.0101
GURSANJH,15,"1,472",0.0101
HAILIE,15,"1,472",0.0101
HANIA,15,"1,472",0.0101
HASRAT,15,"1,472",0.0101
HAYAT,15,"1,472",0.0101
INAYAH,15,"1,472",0.0101
JASLEEN,15,"1,472",0.0101
JOLIE,15,"1,472",0.0101
KALEY,15,"1,472",0.0101
KATHLEEN,15,"1,472",0.0101
KINSLEE,15,"1,472",0.0101
KIT,15,"1,472",0.0101
KLOE,15,"1,472",0.0101
KYA,15,"1,472",0.0101
KYLEE,15,"1,472",0.0101
LENNIE,15,"1,472",0.0101
LEYNA,15,"1,472",0.0101
LIVIA-ROSE,15,"1,472",0.0101
MADALYN,15,"1,472",0.0101
MAHA,15,"1,472",0.0101
MAHNOOR,15,"1,472",0.0101
MAKENA,15,"1,472",0.0101
MANAL,15,"1,472",0.0101
MELINDA,15,"1,472",0.0101
MICAH,15,"1,472",0.0101
MIRAYA,15,"1,472",0.0101
NAIRA,15,"1,472",0.0101
NATHALIA,15,"1,472",0.0101
NIAMH,15,"1,472",0.0101
PIA,15,"1,472",0.0101
PRIMROSE,15,"1,472",0.0101
RIANA,15,"1,472",0.0101
ROMEE,15,"1,472",0.0101
RORI,15,"1,472",0.0101
ROSELYN,15,"1,472",0.0101
ROSEMARIE,15,"1,472",0.0101
SAHARA,15,"1,472",0.0101
SAMREEN,15,"1,472",0.0101
SIANNA,15,"1,472",0.0101
SIDNEY,15,"1,472",0.0101
SIRINE,15,"1,472",0.0101
SOFIYA,15,"1,472",0.0101
SUMAYA,15,"1,472",0.0101
TIARA,15,"1,472",0.0101
VALENCIA,15,"1,472",0.0101
VEERA,15,"1,472",0.0101
AAIRAH,14,"1,541",0.0094
AAYRA,14,"1,541",0.0094
ADALEE,14,"1,541",0.0094
ADITI,14,"1,541",0.0094
AILEEN,14,"1,541",0.0094
AIYANA,14,"1,541",0.0094
AIYLA,14,"1,541",0.0094
ALAIYA,14,"1,541",0.0094
ALIANNA,14,"1,541",0.0094
ALY,14,"1,541",0.0094
ALYNA,14,"1,541",0.0094
ALYSSON,14,"1,541",0.0094
AMAIA,14,"1,541",0.0094
ANABELLA,14,"1,541",0.0094
ANAE,14,"1,541",0.0094
ARDEN,14,"1,541",0.0094
ARIADNE,14,"1,541",0.0094
ARZOIE,14,"1,541",0.0094
AVREET,14,"1,541",0.0094
AYEZA,14,"1,541",0.0094
CALISTA,14,"1,541",0.0094
CAROLYN,14,"1,541",0.0094
CEDAR,14,"1,541",0.0094
CELESTINE,14,"1,541",0.0094
CIANNA,14,"1,541",0.0094
CRYSTAL,14,"1,541",0.0094
DAYANA,14,"1,541",0.0094
DIVINE,14,"1,541",0.0094
DOMINIQUE,14,"1,541",0.0094
DORIS,14,"1,541",0.0094
ELODY,14,"1,541",0.0094
ELYANE,14,"1,541",0.0094
EMRY,14,"1,541",0.0094
EMY-ROSE,14,"1,541",0.0094
ESHAAL,14,"1,541",0.0094
EVALY,14,"1,541",0.0094
FATOUMATA,14,"1,541",0.0094
GEORGIE,14,"1,541",0.0094
GIANA,14,"1,541",0.0094
HALO,14,"1,541",0.0094
INA,14,"1,541",0.0094
ISADORA,14,"1,541",0.0094
JAIDA,14,"1,541",0.0094
JANESSA,14,"1,541",0.0094
JAYNA,14,"1,541",0.0094
JENNAH,14,"1,541",0.0094
JOUDIA,14,"1,541",0.0094
JUDE,14,"1,541",0.0094
KAILANI,14,"1,541",0.0094
KASSIDY,14,"1,541",0.0094
KAVYA,14,"1,541",0.0094
KIM,14,"1,541",0.0094
KYARA,14,"1,541",0.0094
LAINE,14,"1,541",0.0094
LEA-KIM,14,"1,541",0.0094
LEVI,14,"1,541",0.0094
LIYAH,14,"1,541",0.0094
LIZZIE,14,"1,541",0.0094
LORIE,14,"1,541",0.0094
LOUANNE,14,"1,541",0.0094
LOVE,14,"1,541",0.0094
LUA,14,"1,541",0.0094
MACKENNA,14,"1,541",0.0094
MAINA,14,"1,541",0.0094
MALIAH,14,"1,541",0.0094
MALIYA,14,"1,541",0.0094
MARCELLA,14,"1,541",0.0094
MELANIA,14,"1,541",0.0094
MICAELA,14,"1,541",0.0094
MURPHY,14,"1,541",0.0094
NYA,14,"1,541",0.0094
PERSEPHONE,14,"1,541",0.0094
PRECIOUS,14,"1,541",0.0094
RAYAN,14,"1,541",0.0094
REEJH,14,"1,541",0.0094
REVA,14,"1,541",0.0094
ROSALINA,14,"1,541",0.0094
SEHER,14,"1,541",0.0094
SELMA,14,"1,541",0.0094
SENNA,14,"1,541",0.0094
SERAPHINA,14,"1,541",0.0094
SHANIA,14,"1,541",0.0094
SHARON,14,"1,541",0.0094
SIARA,14,"1,541",0.0094
TAQDEER,14,"1,541",0.0094
TAYLA,14,"1,541",0.0094
VAMIKA,14,"1,541",0.0094
YASMEEN,14,"1,541",0.0094
ZENA,14,"1,541",0.0094
AAHANA,13,"1,630",0.0088
AAIRA,13,"1,630",0.0088
ADINA,13,"1,630",0.0088
AIZAH,13,"1,630",0.0088
ALEEN,13,"1,630",0.0088
ALEEZA,13,"1,630",0.0088
ALEX,13,"1,630",0.0088
AMBRE,13,"1,630",0.0088
AMEERAH,13,"1,630",0.0088
ANAIAH,13,"1,630",0.0088
ANGIE,13,"1,630",0.0088
ANN,13,"1,630",0.0088
ANNE-SOPHIE,13,"1,630",0.0088
AQSA,13,"1,630",0.0088
AVEERA,13,"1,630",0.0088
AVYANNA,13,"1,630",0.0088
AYLAH,13,"1,630",0.0088
AYLEEN,13,"1,630",0.0088
BAILEE,13,"1,630",0.0088
BARBARA,13,"1,630",0.0088
BAYLEE,13,"1,630",0.0088
BETH,13,"1,630",0.0088
BRIDGETTE,13,"1,630",0.0088
CHARLENE,13,"1,630",0.0088
DALIE,13,"1,630",0.0088
DANNA,13,"1,630",0.0088
DAWSYN,13,"1,630",0.0088
DAYA,13,"1,630",0.0088
DENVER,13,"1,630",0.0088
ELEANORA,13,"1,630",0.0088
ELOUISE,13,"1,630",0.0088
EOWYN,13,"1,630",0.0088
HAJAR,13,"1,630",0.0088
JANICE,13,"1,630",0.0088
JASPER,13,"1,630",0.0088
JAYDEN,13,"1,630",0.0088
JAZMIN,13,"1,630",0.0088
JEAN,13,"1,630",0.0088
JOUD,13,"1,630",0.0088
KALIA,13,"1,630",0.0088
KARLIE,13,"1,630",0.0088
KASEY,13,"1,630",0.0088
KATARINA,13,"1,630",0.0088
KIRPA,13,"1,630",0.0088
KORALIE,13,"1,630",0.0088
LAINA,13,"1,630",0.0088
LAURE,13,"1,630",0.0088
LAURIANNE,13,"1,630",0.0088
LILLIANNA,13,"1,630",0.0088
LILY-ANNE,13,"1,630",0.0088
LINDY,13,"1,630",0.0088
LIORA,13,"1,630",0.0088
LIVIE,13,"1,630",0.0088
MAAHI,13,"1,630",0.0088
MARIELLE,13,"1,630",0.0088
MAYAH,13,"1,630",0.0088
MEHTAB,13,"1,630",0.0088
MILANI,13,"1,630",0.0088
MILA-ROSE,13,"1,630",0.0088
MILLICENT,13,"1,630",0.0088
MIRAAL,13,"1,630",0.0088
MISK,13,"1,630",0.0088
NAELLE,13,"1,630",0.0088
NERIAH,13,"1,630",0.0088
NORALIE,13,"1,630",0.0088
PALOMA,13,"1,630",0.0088
RAAVI,13,"1,630",0.0088
RABAAB,13,"1,630",0.0088
RAIN,13,"1,630",0.0088
RAIYA,13,"1,630",0.0088
REGINA,13,"1,630",0.0088
RILYNN,13,"1,630",0.0088
RIPLEY,13,"1,630",0.0088
ROONEY,13,"1,630",0.0088
ROSALEE,13,"1,630",0.0088
ROSANNA,13,"1,630",0.0088
ROSLYN,13,"1,630",0.0088
SCOTIA,13,"1,630",0.0088
SHYLA,13,"1,630",0.0088
SIMRAT,13,"1,630",0.0088
STACEY,13,"1,630",0.0088
SUSAN,13,"1,630",0.0088
SYRA,13,"1,630",0.0088
TAYTUM,13,"1,630",0.0088
TRUDY,13,"1,630",0.0088
VIVIANA,13,"1,630",0.0088
YUMNA,13,"1,630",0.0088
ZARIYAH,13,"1,630",0.0088
ZHAVIA,13,"1,630",0.0088
ZIMAL,13,"1,630",0.0088
AAROHI,12,"1,720",0.0081
ABEEHA,12,"1,720",0.0081
ABY,12,"1,720",0.0081
ACACIA,12,"1,720",0.0081
ADELA,12,"1,720",0.0081
AJUNI,12,"1,720",0.0081
ALEYNA,12,"1,720",0.0081
AMARIS,12,"1,720",0.0081
ANNAELLE,12,"1,720",0.0081
ASHTYN,12,"1,720",0.0081
AVIA,12,"1,720",0.0081
AVRIL,12,"1,720",0.0081
BLESSING,12,"1,720",0.0081
BREANNE,12,"1,720",0.0081
BRINLEE,12,"1,720",0.0081
CANDACE,12,"1,720",0.0081
CARMELA,12,"1,720",0.0081
CINDY,12,"1,720",0.0081
CLEA,12,"1,720",0.0081
COOPER,12,"1,720",0.0081
DANEEN,12,"1,720",0.0081
DIOR,12,"1,720",0.0081
DORA,12,"1,720",0.0081
EKNOOR,12,"1,720",0.0081
ELANOR,12,"1,720",0.0081
ELIE-ROSE,12,"1,720",0.0081
ELIYA,12,"1,720",0.0081
EMBERLYN,12,"1,720",0.0081
EMERIE,12,"1,720",0.0081
ERINA,12,"1,720",0.0081
EVER,12,"1,720",0.0081
FAIGY,12,"1,720",0.0081
FATOU,12,"1,720",0.0081
FIA,12,"1,720",0.0081
GELILA,12,"1,720",0.0081
GIGI,12,"1,720",0.0081
GINA,12,"1,720",0.0081
GIOVANNA,12,"1,720",0.0081
HANEEN,12,"1,720",0.0081
HELENE,12,"1,720",0.0081
ILA,12,"1,720",0.0081
IMAAN,12,"1,720",0.0081
IVA,12,"1,720",0.0081
JASMIN,12,"1,720",0.0081
KAYLEY,12,"1,720",0.0081
KOLLYNS,12,"1,720",0.0081
KYLAH,12,"1,720",0.0081
LAVENDER,12,"1,720",0.0081
LIVY,12,"1,720",0.0081
LIZA,12,"1,720",0.0081
LOIS,12,"1,720",0.0081
LOU-ANN,12,"1,720",0.0081
LUX,12,"1,720",0.0081
MAHI,12,"1,720",0.0081
MAHIRA,12,"1,720",0.0081
MALYA,12,"1,720",0.0081
MANUELA,12,"1,720",0.0081
MARYANN,12,"1,720",0.0081
MAVEN,12,"1,720",0.0081
MEMPHIS,12,"1,720",0.0081
MIRACLE,12,"1,720",0.0081
NAVA,12,"1,720",0.0081
NELIA,12,"1,720",0.0081
NIVAAZ,12,"1,720",0.0081
PERLA,12,"1,720",0.0081
RACHELLE,12,"1,720",0.0081
RAHMA,12,"1,720",0.0081
RAWAN,12,"1,720",0.0081
RAYELLE,12,"1,720",0.0081
REGAN,12,"1,720",0.0081
RENA,12,"1,720",0.0081
RHIANNON,12,"1,720",0.0081
ROSE-MARIE,12,"1,720",0.0081
ROYAL,12,"1,720",0.0081
RUMI,12,"1,720",0.0081
SAHAR,12,"1,720",0.0081
SALEM,12,"1,720",0.0081
SAMIA,12,"1,720",0.0081
SANVI,12,"1,720",0.0081
SCOTLAND,12,"1,720",0.0081
SCOTTY,12,"1,720",0.0081
SEDRA,12,"1,720",0.0081
SHREYA,12,"1,720",0.0081
SIYANA,12,"1,720",0.0081
SUSANNA,12,"1,720",0.0081
TALIYAH,12,"1,720",0.0081
TANISHA,12,"1,720",0.0081
TEGH,12,"1,720",0.0081
TYRA,12,"1,720",0.0081
VIVIEN,12,"1,720",0.0081
YAEL,12,"1,720",0.0081
YSABELLA,12,"1,720",0.0081
ZAARA,12,"1,720",0.0081
ZADIE,12,"1,720",0.0081
ZION,12,"1,720",0.0081
ABYGAIL,11,"1,815",0.0074
ADALIE,11,"1,815",0.0074
ADALYNE,11,"1,815",0.0074
AFNAN,11,"1,815",0.0074
ALANNAH,11,"1,815",0.0074
ALEA,11,"1,815",0.0074
ALEKSANDRA,11,"1,815",0.0074
ALYANA,11,"1,815",0.0074
AMEYA,11,"1,815",0.0074
ANJA,11,"1,815",0.0074
ARIAM,11,"1,815",0.0074
ARZOEY,11,"1,815",0.0074
AUDE,11,"1,815",0.0074
AUGUSTINE,11,"1,815",0.0074
AVALON,11,"1,815",0.0074
AZALIA,11,"1,815",0.0074
AZRA,11,"1,815",0.0074
BAHAR,11,"1,815",0.0074
BRIE,11,"1,815",0.0074
CAITLIN,11,"1,815",0.0074
CASSANDRE,11,"1,815",0.0074
CECILE,11,"1,815",0.0074
CHIMAMANDA,11,"1,815",0.0074
CLAIRA,11,"1,815",0.0074
COLBIE,11,"1,815",0.0074
COVE,11,"1,815",0.0074
CRISTINA,11,"1,815",0.0074
DARA,11,"1,815",0.0074
DARYA,11,"1,815",0.0074
DHANVI,11,"1,815",0.0074
DOROTHEE,11,"1,815",0.0074
ELIN,11,"1,815",0.0074
ELLERY,11,"1,815",0.0074
ELLIE-ROSE,11,"1,815",0.0074
ELYANNA,11,"1,815",0.0074
ELY-ROSE,11,"1,815",0.0074
EMMERSON,11,"1,815",0.0074
EMY-JADE,11,"1,815",0.0074
EVEREST,11,"1,815",0.0074
GANEEV,11,"1,815",0.0074
GENEVA,11,"1,815",0.0074
GUINEVERE,11,"1,815",0.0074
HADLEIGH,11,"1,815",0.0074
HANAN,11,"1,815",0.0074
HARNAAZ,11,"1,815",0.0074
HELOISE,11,"1,815",0.0074
ILARIA,11,"1,815",0.0074
ILIANA,11,"1,815",0.0074
INDY,11,"1,815",0.0074
IRINA,11,"1,815",0.0074
JAYLAH,11,"1,815",0.0074
JOANIE,11,"1,815",0.0074
KACIE,11,"1,815",0.0074
KAI,11,"1,815",0.0074
KATELYNN,11,"1,815",0.0074
KAYRA,11,"1,815",0.0074
KEISHA,11,"1,815",0.0074
KENNEDI,11,"1,815",0.0074
KEZIA,11,"1,815",0.0074
KRYSTAL,11,"1,815",0.0074
KYRAH,11,"1,815",0.0074
LAKE,11,"1,815",0.0074
LAKELYN,11,"1,815",0.0074
LANEY,11,"1,815",0.0074
LEA-JADE,11,"1,815",0.0074
LEANIE,11,"1,815",0.0074
LEILAH,11,"1,815",0.0074
LILYANA,11,"1,815",0.0074
LORRAINE,11,"1,815",0.0074
LYLIA,11,"1,815",0.0074
MAELYA,11,"1,815",0.0074
MAISYN,11,"1,815",0.0074
MAITE,11,"1,815",0.0074
MALINA,11,"1,815",0.0074
MALORY,11,"1,815",0.0074
MAME,11,"1,815",0.0074
MARIYA,11,"1,815",0.0074
MARJORIE,11,"1,815",0.0074
MAZIE,11,"1,815",0.0074
MIA-ROSE,11,"1,815",0.0074
MILAH,11,"1,815",0.0074
MIRABEL,11,"1,815",0.0074
MYRAH,11,"1,815",0.0074
NIYAH,11,"1,815",0.0074
OONA,11,"1,815",0.0074
PAULA,11,"1,815",0.0074
PUNEET,11,"1,815",0.0074
RAQUEL,11,"1,815",0.0074
REECE,11,"1,815",0.0074
REN,11,"1,815",0.0074
RIVKA,11,"1,815",0.0074
ROSALINE,11,"1,815",0.0074
RUFTA,11,"1,815",0.0074
RUHANI,11,"1,815",0.0074
RYAH,11,"1,815",0.0074
RYLEY,11,"1,815",0.0074
SAKURA,11,"1,815",0.0074
SAMAYA,11,"1,815",0.0074
SARAI,11,"1,815",0.0074
SEHAR,11,"1,815",0.0074
SERAFINA,11,"1,815",0.0074
SHAE,11,"1,815",0.0074
SHANVI,11,"1,815",0.0074
SOLANGE,11,"1,815",0.0074
SOLENE,11,"1,815",0.0074
SONAM,11,"1,815",0.0074
SUKHMANI,11,"1,815",0.0074
TALIAH,11,"1,815",0.0074
TALIYA,11,"1,815",0.0074
TARYN,11,"1,815",0.0074
THALIE,11,"1,815",0.0074
TRACY,11,"1,815",0.0074
VERITY,11,"1,815",0.0074
VIOLETTA,11,"1,815",0.0074
WALKER,11,"1,815",0.0074
YITTY,11,"1,815",0.0074
YOHANNA,11,"1,815",0.0074
ZAHRAA,11,"1,815",0.0074
ZAIA,11,"1,815",0.0074
ZIYA,11,"1,815",0.0074
ZOIE,11,"1,815",0.0074
ZUNAIRA,11,"1,815",0.0074
ZYLA,11,"1,815",0.0074
ZYRA,11,"1,815",0.0074
AADHIRA,10,"1,939",0.0067
ABBYGAELLE,10,"1,939",0.0067
AERIS,10,"1,939",0.0067
AFIYAH,10,"1,939",0.0067
ALASKA,10,"1,939",0.0067
ALESSI,10,"1,939",0.0067
ALYS,10,"1,939",0.0067
AMIA,10,"1,939",0.0067
AMIYA,10,"1,939",0.0067
ANAAYA,10,"1,939",0.0067
ANHAD,10,"1,939",0.0067
ANISSA,10,"1,939",0.0067
ANNA-EVE,10,"1,939",0.0067
ARA,10,"1,939",0.0067
ARABELLE,10,"1,939",0.0067
AREEJ,10,"1,939",0.0067
ARHEER,10,"1,939",0.0067
ARINA,10,"1,939",0.0067
ARISHA,10,"1,939",0.0067
ARLO,10,"1,939",0.0067
ARSEMA,10,"1,939",0.0067
ARZOE,10,"1,939",0.0067
AVIKA,10,"1,939",0.0067
AWA,10,"1,939",0.0067
AYAANA,10,"1,939",0.0067
BIRDIE,10,"1,939",0.0067
BLYTHE,10,"1,939",0.0067
BRYANNA,10,"1,939",0.0067
BRYNNLEE,10,"1,939",0.0067
CALIE,10,"1,939",0.0067
CAROLINA,10,"1,939",0.0067
CARYS,10,"1,939",0.0067
CASSIOPEE,10,"1,939",0.0067
COURTNEY,10,"1,939",0.0067
CYRA,10,"1,939",0.0067
DELSA,10,"1,939",0.0067
DONNA,10,"1,939",0.0067
EFRATA,10,"1,939",0.0067
ELANA,10,"1,939",0.0067
ELLA-ROSE,10,"1,939",0.0067
ELLENA,10,"1,939",0.0067
ELLIETTE,10,"1,939",0.0067
ELLIOTTE,10,"1,939",0.0067
ELYZA,10,"1,939",0.0067
EMMYLOU,10,"1,939",0.0067
ERA,10,"1,939",0.0067
ESRA,10,"1,939",0.0067
EVAELLE,10,"1,939",0.0067
EVANNA,10,"1,939",0.0067
EVELY,10,"1,939",0.0067
FANNY,10,"1,939",0.0067
FAY,10,"1,939",0.0067
HAFSAH,10,"1,939",0.0067
HAILEE,10,"1,939",0.0067
HALA,10,"1,939",0.0067
HOLLIS,10,"1,939",0.0067
ILANA,10,"1,939",0.0067
IONA,10,"1,939",0.0067
ISHANI,10,"1,939",0.0067
IVANKA,10,"1,939",0.0067
IZABEL,10,"1,939",0.0067
JACKLYN,10,"1,939",0.0067
JACLYN,10,"1,939",0.0067
JAEL,10,"1,939",0.0067
JAMILA,10,"1,939",0.0067
JANAYA,10,"1,939",0.0067
JAPNOOR,10,"1,939",0.0067
JESSA,10,"1,939",0.0067
JIANA,10,"1,939",0.0067
JORJA,10,"1,939",0.0067
JOVI,10,"1,939",0.0067
KAELYN,10,"1,939",0.0067
KAIRI,10,"1,939",0.0067
KALISTA,10,"1,939",0.0067
KAMELIA,10,"1,939",0.0067
KAMILLE,10,"1,939",0.0067
KAREN,10,"1,939",0.0067
KARIS,10,"1,939",0.0067
KARISSA,10,"1,939",0.0067
KARTER,10,"1,939",0.0067
KASHVI,10,"1,939",0.0067
KATALINA,10,"1,939",0.0067
KATIA,10,"1,939",0.0067
KENZLEY,10,"1,939",0.0067
KINZA,10,"1,939",0.0067
KRISTEN,10,"1,939",0.0067
LAYAL,10,"1,939",0.0067
LAYLAH,10,"1,939",0.0067
LETTIE,10,"1,939",0.0067
LEXIA,10,"1,939",0.0067
LIAN,10,"1,939",0.0067
LILY-ANN,10,"1,939",0.0067
LINCOLN,10,"1,939",0.0067
LUCA,10,"1,939",0.0067
MAELYS,10,"1,939",0.0067
MARIAMA,10,"1,939",0.0067
MARIN,10,"1,939",0.0067
MARY-JANE,10,"1,939",0.0067
MARYN,10,"1,939",0.0067
MAXENCE,10,"1,939",0.0067
MAYCEE,10,"1,939",0.0067
MEIRA,10,"1,939",0.0067
MOLLIE,10,"1,939",0.0067
NAAZ,10,"1,939",0.0067
NAIMAL,10,"1,939",0.0067
NALANI,10,"1,939",0.0067
NANA,10,"1,939",0.0067
NASEEB,10,"1,939",0.0067
NIAH,10,"1,939",0.0067
NIYAMAT,10,"1,939",0.0067
NOVALY,10,"1,939",0.0067
ODILE,10,"1,939",0.0067
OFELIA,10,"1,939",0.0067
PIPPA,10,"1,939",0.0067
PRAIRIE,10,"1,939",0.0067
REEMA,10,"1,939",0.0067
REILLY,10,"1,939",0.0067
RIYANA,10,"1,939",0.0067
ROZA,10,"1,939",0.0067
RUBAANI,10,"1,939",0.0067
RUE,10,"1,939",0.0067
RYDER,10,"1,939",0.0067
SAAVI,10,"1,939",0.0067
SABINA,10,"1,939",0.0067
SAHIB,10,"1,939",0.0067
SAIYA,10,"1,939",0.0067
SAJA,10,"1,939",0.0067
SAJE,10,"1,939",0.0067
SAMAR,10,"1,939",0.0067
SAMAYRA,10,"1,939",0.0067
SANAYA,10,"1,939",0.0067
SANDRINE,10,"1,939",0.0067
SAPPHIRA,10,"1,939",0.0067
SAVANAH,10,"1,939",0.0067
SAVERA,10,"1,939",0.0067
SCOTTLYN,10,"1,939",0.0067
SENA,10,"1,939",0.0067
SERENE,10,"1,939",0.0067
SHAINA,10,"1,939",0.0067
SHANNON,10,"1,939",0.0067
SHRIYA,10,"1,939",0.0067
SIMRAN,10,"1,939",0.0067
SIOBHAN,10,"1,939",0.0067
SUHAVI,10,"1,939",0.0067
TASNIM,10,"1,939",0.0067
TERRA,10,"1,939",0.0067
UNA,10,"1,939",0.0067
VEDIKA,10,"1,939",0.0067
VESPER,10,"1,939",0.0067
WILDER,10,"1,939",0.0067
WILHELMINA,10,"1,939",0.0067
WINONA,10,"1,939",0.0067
YVONNE,10,"1,939",0.0067
ZELIE,10,"1,939",0.0067
ZINNIA,10,"1,939",0.0067
AANAYA,9,"2,094",0.0061
AANVI,9,"2,094",0.0061
AARADHYA,9,"2,094",0.0061
ADALIA,9,"2,094",0.0061
AGANETHA,9,"2,094",0.0061
AHAANA,9,"2,094",0.0061
ALAA,9,"2,094",0.0061
ALETHEIA,9,"2,094",0.0061
ALEXANE,9,"2,094",0.0061
ALLEGRA,9,"2,094",0.0061
AMAANAT,9,"2,094",0.0061
AMALYA,9,"2,094",0.0061
AMIAH,9,"2,094",0.0061
ANABEL,9,"2,094",0.0061
ANAIRA,9,"2,094",0.0061
ANALIA,9,"2,094",0.0061
ANGELIE,9,"2,094",0.0061
ANISA,9,"2,094",0.0061
ANJALI,9,"2,094",0.0061
ANNALIESE,9,"2,094",0.0061
ANVIKA,9,"2,094",0.0061
ARCHER,9,"2,094",0.0061
AREEBA,9,"2,094",0.0061
ARLEEN,9,"2,094",0.0061
ARNAAZ,9,"2,094",0.0061
ASIYAH,9,"2,094",0.0061
ASYA,9,"2,094",0.0061
AVIVA,9,"2,094",0.0061
AZALIE,9,"2,094",0.0061
AZIZA,9,"2,094",0.0061
BANKS,9,"2,094",0.0061
BECCA,9,"2,094",0.0061
BERNICE,9,"2,094",0.0061
BRISTOL,9,"2,094",0.0061
CECILY,9,"2,094",0.0061
CHANA,9,"2,094",0.0061
CHANELLE,9,"2,094",0.0061
CHELSEY,9,"2,094",0.0061
CHERISH,9,"2,094",0.0061
CORINNE,9,"2,094",0.0061
DALI,9,"2,094",0.0061
DALYA,9,"2,094",0.0061
DAWSON,9,"2,094",0.0061
DHYANA,9,"2,094",0.0061
DIAMOND,9,"2,094",0.0061
DIMA,9,"2,094",0.0061
DREAM,9,"2,094",0.0061
ELAAHI,9,"2,094",0.0061
ELY,9,"2,094",0.0061
ELYNA,9,"2,094",0.0061
EMME,9,"2,094",0.0061
EMMERSYN,9,"2,094",0.0061
ENYA,9,"2,094",0.0061
FAJR,9,"2,094",0.0061
FATIMA-ZAHRA,9,"2,094",0.0061
FLORIANE,9,"2,094",0.0061
FRANCOISE,9,"2,094",0.0061
FREJA,9,"2,094",0.0061
GIORGIA,9,"2,094",0.0061
GREY,9,"2,094",0.0061
HADIA,9,"2,094",0.0061
HADYA,9,"2,094",0.0061
HARVEEN,9,"2,094",0.0061
HEIDY,9,"2,094",0.0061
HERMELA,9,"2,094",0.0061
HOSANNA,9,"2,094",0.0061
ISRAA,9,"2,094",0.0061
JACKIE,9,"2,094",0.0061
JAIME,9,"2,094",0.0061
JAMES,9,"2,094",0.0061
JANET,9,"2,094",0.0061
JANIYAH,9,"2,094",0.0061
JAPNEET,9,"2,094",0.0061
JAYNE,9,"2,094",0.0061
JAZMYN,9,"2,094",0.0061
JENIKA,9,"2,094",0.0061
JENNIE,9,"2,094",0.0061
JERSEY,9,"2,094",0.0061
JHENE,9,"2,094",0.0061
JOURNEE,9,"2,094",0.0061
JUSTICE,9,"2,094",0.0061
KAIAH,9,"2,094",0.0061
KAILEE,9,"2,094",0.0061
KAINAAT,9,"2,094",0.0061
KASSIA,9,"2,094",0.0061
KAYCE,9,"2,094",0.0061
KAYCIE,9,"2,094",0.0061
KEELY,9,"2,094",0.0061
KELLYANNE,9,"2,094",0.0061
KELSIE,9,"2,094",0.0061
KENLEY,9,"2,094",0.0061
KIERRA,9,"2,094",0.0061
KIMAYA,9,"2,094",0.0061
KINZLEY,9,"2,094",0.0061
KIYARA,9,"2,094",0.0061
KORRA,9,"2,094",0.0061
KRIVA,9,"2,094",0.0061
KYANNA,9,"2,094",0.0061
LAETICIA,9,"2,094",0.0061
LAIA,9,"2,094",0.0061
LAKELYNN,9,"2,094",0.0061
LAMAR,9,"2,094",0.0061
LAURA-LEE,9,"2,094",0.0061
LENNY,9,"2,094",0.0061
LIBERTY,9,"2,094",0.0061
LIELLE,9,"2,094",0.0061
LILI-ROSE,9,"2,094",0.0061
LILO,9,"2,094",0.0061
LORALIE,9,"2,094",0.0061
LORI,9,"2,094",0.0061
LUCINDA,9,"2,094",0.0061
LUIZA,9,"2,094",0.0061
LYNN,9,"2,094",0.0061
MAELLA,9,"2,094",0.0061
MAELYN,9,"2,094",0.0061
MAISEY,9,"2,094",0.0061
MALEAH,9,"2,094",0.0061
MANDY,9,"2,094",0.0061
MANRAJ,9,"2,094",0.0061
MARLA,9,"2,094",0.0061
MARLIE,9,"2,094",0.0061
MAYLA,9,"2,094",0.0061
MEELA,9,"2,094",0.0061
MEI,9,"2,094",0.0061
MERYEM,9,"2,094",0.0061
MIREYA,9,"2,094",0.0061
MOMINA,9,"2,094",0.0061
MUNTAHA,9,"2,094",0.0061
NAHLA,9,"2,094",0.0061
NALIYAH,9,"2,094",0.0061
NARIYAH,9,"2,094",0.0061
NATALYA,9,"2,094",0.0061
NAVI,9,"2,094",0.0061
NAYELI,9,"2,094",0.0061
NEELA,9,"2,094",0.0061
NELL,9,"2,094",0.0061
NIKOLINA,9,"2,094",0.0061
NITYA,9,"2,094",0.0061
NUSAYBAH,9,"2,094",0.0061
PHAEDRA,9,"2,094",0.0061
PHILOMENE,9,"2,094",0.0061
QUINCY,9,"2,094",0.0061
RAENA,9,"2,094",0.0061
RAIZY,9,"2,094",0.0061
RAZAN,9,"2,094",0.0061
REIA,9,"2,094",0.0061
RENLEY,9,"2,094",0.0061
RIANNA,9,"2,094",0.0061
RIDA,9,"2,094",0.0061
RINOA,9,"2,094",0.0061
RORIE,9,"2,094",0.0061
ROSELYNN,9,"2,094",0.0061
ROSETTA,9,"2,094",0.0061
RUTHIE,9,"2,094",0.0061
RYLA,9,"2,094",0.0061
RYLYNN,9,"2,094",0.0061
RYM,9,"2,094",0.0061
SAFAA,9,"2,094",0.0061
SALINA,9,"2,094",0.0061
SAMREET,9,"2,094",0.0061
SANDY,9,"2,094",0.0061
SANJH,9,"2,094",0.0061
SARIYAH,9,"2,094",0.0061
SEQUOIA,9,"2,094",0.0061
SILVER,9,"2,094",0.0061
SKYLAH,9,"2,094",0.0061
SORA,9,"2,094",0.0061
SUNSHINE,9,"2,094",0.0061
TAHLIA,9,"2,094",0.0061
TANVI,9,"2,094",0.0061
THERESE,9,"2,094",0.0061
TRUE,9,"2,094",0.0061
TYLA,9,"2,094",0.0061
VAIDA,9,"2,094",0.0061
VICKY,9,"2,094",0.0061
VIHANA,9,"2,094",0.0061
VIKTORIA,9,"2,094",0.0061
WANIYA,9,"2,094",0.0061
WAVERLEY,9,"2,094",0.0061
WYATT,9,"2,094",0.0061
XIOMARA,9,"2,094",0.0061
ZAHARA,9,"2,094",0.0061
ZEENAT,9,"2,094",0.0061
ZEINA,9,"2,094",0.0061
ZINA,9,"2,094",0.0061
AAIMA,8,"2,279",0.0054
AARIKA,8,"2,279",0.0054
AATHIRA,8,"2,279",0.0054
ABBY-GAELLE,8,"2,279",0.0054
ABBYGAIL,8,"2,279",0.0054
ADAH,8,"2,279",0.0054
ADDALYNN,8,"2,279",0.0054
ADDELYN,8,"2,279",0.0054
ADDILYNN,8,"2,279",0.0054
ADELLA,8,"2,279",0.0054
ADELLE,8,"2,279",0.0054
ADRIA,8,"2,279",0.0054
AELA,8,"2,279",0.0054
AINE,8,"2,279",0.0054
AIRAH,8,"2,279",0.0054
AISLYN,8,"2,279",0.0054
AIYANNA,8,"2,279",0.0054
ALEIA,8,"2,279",0.0054
ALESSA,8,"2,279",0.0054
ALYANNA,8,"2,279",0.0054
ALYZA,8,"2,279",0.0054
AMEENA,8,"2,279",0.0054
AMELIA-ROSE,8,"2,279",0.0054
ANABIA,8,"2,279",0.0054
ANDROMEDA,8,"2,279",0.0054
ANGELIKA,8,"2,279",0.0054
ANGELINE,8,"2,279",0.0054
ARIN,8,"2,279",0.0054
ARISSA,8,"2,279",0.0054
ARJOI,8,"2,279",0.0054
ARNA,8,"2,279",0.0054
ARNIKA,8,"2,279",0.0054
ASIA,8,"2,279",0.0054
AUBRIELLE,8,"2,279",0.0054
AVIELLE,8,"2,279",0.0054
AVILA,8,"2,279",0.0054
AYDA,8,"2,279",0.0054
BAYA,8,"2,279",0.0054
BAYLOR,8,"2,279",0.0054
BENTLEY,8,"2,279",0.0054
BIANKA,8,"2,279",0.0054
BOWEN,8,"2,279",0.0054
BRIANNE,8,"2,279",0.0054
BRYLEE,8,"2,279",0.0054
CALINA,8,"2,279",0.0054
CALLISTA,8,"2,279",0.0054
CAMELLIA,8,"2,279",0.0054
CARISSA,8,"2,279",0.0054
CARMEL,8,"2,279",0.0054
CHANTELLE,8,"2,279",0.0054
CHARLIE-ANNE,8,"2,279",0.0054
CHARLINE,8,"2,279",0.0054
CHIZARAM,8,"2,279",0.0054
CIEL,8,"2,279",0.0054
DARLA,8,"2,279",0.0054
DEJA,8,"2,279",0.0054
DEVON,8,"2,279",0.0054
DHRITI,8,"2,279",0.0054
DIANE,8,"2,279",0.0054
DILREET,8,"2,279",0.0054
DUAA,8,"2,279",0.0054
EDNA,8,"2,279",0.0054
EILEE,8,"2,279",0.0054
ELDANA,8,"2,279",0.0054
ELIYANAH,8,"2,279",0.0054
ELLORA,8,"2,279",0.0054
ELVA,8,"2,279",0.0054
ELYZABETH,8,"2,279",0.0054
EMRIE,8,"2,279",0.0054
ENORA,8,"2,279",0.0054
ESHA,8,"2,279",0.0054
ESMA,8,"2,279",0.0054
EVALYNN,8,"2,279",0.0054
EVAN,8,"2,279",0.0054
FATEMA,8,"2,279",0.0054
FERNANDA,8,"2,279",0.0054
FRANCHESKA,8,"2,279",0.0054
FRANCIS,8,"2,279",0.0054
HARLIE,8,"2,279",0.0054
HARLYNN,8,"2,279",0.0054
HAVANA,8,"2,279",0.0054
HENRIETTA,8,"2,279",0.0054
HONEY,8,"2,279",0.0054
HUMAIRA,8,"2,279",0.0054
IMANE,8,"2,279",0.0054
INIYA,8,"2,279",0.0054
IRELYNN,8,"2,279",0.0054
ISABELL,8,"2,279",0.0054
ISHIKA,8,"2,279",0.0054
ISLEY,8,"2,279",0.0054
IVIE,8,"2,279",0.0054
IYLAH,8,"2,279",0.0054
IZZAH,8,"2,279",0.0054
IZZY,8,"2,279",0.0054
JANIE,8,"2,279",0.0054
JANINE,8,"2,279",0.0054
JAPLEEN,8,"2,279",0.0054
JASNOOR,8,"2,279",0.0054
JAYMIE,8,"2,279",0.0054
JENESSA,8,"2,279",0.0054
JULIA-ROSE,8,"2,279",0.0054
KAELA,8,"2,279",0.0054
KAMIYAH,8,"2,279",0.0054
KARMA,8,"2,279",0.0054
KASIA,8,"2,279",0.0054
KAYLANI,8,"2,279",0.0054
KEELEY,8,"2,279",0.0054
KENYA,8,"2,279",0.0054
KHALEESI,8,"2,279",0.0054
KINSEY,8,"2,279",0.0054
KINSLEIGH,8,"2,279",0.0054
KIRAT,8,"2,279",0.0054
KIRSTEN,8,"2,279",0.0054
KITANA,8,"2,279",0.0054
KORALY,8,"2,279",0.0054
KYANA,8,"2,279",0.0054
KYRIE,8,"2,279",0.0054
LAETITIA,8,"2,279",0.0054
LAVINIA,8,"2,279",0.0054
LAYAH,8,"2,279",0.0054
LAYANE,8,"2,279",0.0054
LEANDRA,8,"2,279",0.0054
LEONORE,8,"2,279",0.0054
LIDIA,8,"2,279",0.0054
LILYANNE,8,"2,279",0.0054
LIRA,8,"2,279",0.0054
LOXLEY,8,"2,279",0.0054
MADALYNN,8,"2,279",0.0054
MADDYSON,8,"2,279",0.0054
MAELIA,8,"2,279",0.0054
MAGALY,8,"2,279",0.0054
MAHEEN,8,"2,279",0.0054
MAILA,8,"2,279",0.0054
MAIZY,8,"2,279",0.0054
MARISOL,8,"2,279",0.0054
MARTA,8,"2,279",0.0054
MARYLOU,8,"2,279",0.0054
MATAYA,8,"2,279",0.0054
MAYSSA,8,"2,279",0.0054
MCKAYLA,8,"2,279",0.0054
MERISSA,8,"2,279",0.0054
MIKAELLA,8,"2,279",0.0054
MILEENA,8,"2,279",0.0054
MILLY,8,"2,279",0.0054
MINAHIL,8,"2,279",0.0054
MINDY,8,"2,279",0.0054
MINSA,8,"2,279",0.0054
MYSHA,8,"2,279",0.0054
NAEMI,8,"2,279",0.0054
NAIYA,8,"2,279",0.0054
NAYRA,8,"2,279",0.0054
NESSA,8,"2,279",0.0054
NIHIRA,8,"2,279",0.0054
NIKITA,8,"2,279",0.0054
NIMRIT,8,"2,279",0.0054
NISA,8,"2,279",0.0054
NITARA,8,"2,279",0.0054
NOEMY,8,"2,279",0.0054
NORI,8,"2,279",0.0054
NURA,8,"2,279",0.0054
NYSHA,8,"2,279",0.0054
ORIANNA,8,"2,279",0.0054
ORLA,8,"2,279",0.0054
OUMOU,8,"2,279",0.0054
PAISLEIGH,8,"2,279",0.0054
PARINAAZ,8,"2,279",0.0054
PASCALE,8,"2,279",0.0054
PERRY,8,"2,279",0.0054
PESSY,8,"2,279",0.0054
QUEEN,8,"2,279",0.0054
RAHAF,8,"2,279",0.0054
RAVLEEN,8,"2,279",0.0054
RAYHANA,8,"2,279",0.0054
REHAT,8,"2,279",0.0054
RENATA,8,"2,279",0.0054
REY,8,"2,279",0.0054
RHODA,8,"2,279",0.0054
RHYLEE,8,"2,279",0.0054
RHYS,8,"2,279",0.0054
RIELLE,8,"2,279",0.0054
RIMA,8,"2,279",0.0054
RIVA,8,"2,279",0.0054
RIVKY,8,"2,279",0.0054
ROBBIE,8,"2,279",0.0054
ROSABELLE,8,"2,279",0.0054
ROSE-AIMEE,8,"2,279",0.0054
ROSELIE,8,"2,279",0.0054
RUQAYYAH,8,"2,279",0.0054
RYLIN,8,"2,279",0.0054
SAANVIKA,8,"2,279",0.0054
SABA,8,"2,279",0.0054
SAFIYYA,8,"2,279",0.0054
SAFIYYAH,8,"2,279",0.0054
SAHIBA,8,"2,279",0.0054
SALWA,8,"2,279",0.0054
SAPHIRA,8,"2,279",0.0054
SEVYN,8,"2,279",0.0054
SILVANA,8,"2,279",0.0054
SKYLIE,8,"2,279",0.0054
SOKHNA,8,"2,279",0.0054
SOLANA,8,"2,279",0.0054
SWARA,8,"2,279",0.0054
TALI,8,"2,279",0.0054
TALITHA,8,"2,279",0.0054
TALLULAH,8,"2,279",0.0054
TEIA,8,"2,279",0.0054
TONI,8,"2,279",0.0054
TWISHA,8,"2,279",0.0054
TWYLA,8,"2,279",0.0054
VANIA,8,"2,279",0.0054
VIRGINIA,8,"2,279",0.0054
WINRY,8,"2,279",0.0054
WINSLOW,8,"2,279",0.0054
XYLA,8,"2,279",0.0054
YOSAN,8,"2,279",0.0054
YOUSRA,8,"2,279",0.0054
YSABELLE,8,"2,279",0.0054
ZEYNEP,8,"2,279",0.0054
ZHURI,8,"2,279",0.0054
ZOHRA,8,"2,279",0.0054
AALIYA,7,"2,499",0.0047
ABBIGAIL,7,"2,499",0.0047
ABBYGAEL,7,"2,499",0.0047
ADALEIGH,7,"2,499",0.0047
ADESSA,7,"2,499",0.0047
ADHIRA,7,"2,499",0.0047
ADILYNN,7,"2,499",0.0047
ADYA,7,"2,499",0.0047
AHLAM,7,"2,499",0.0047
AILISH,7,"2,499",0.0047
ALANI,7,"2,499",0.0047
ALEEYA,7,"2,499",0.0047
ALEIGHA,7,"2,499",0.0047
ALEJANDRA,7,"2,499",0.0047
ALEYAH,7,"2,499",0.0047
ALIYANA,7,"2,499",0.0047
ALYVIA,7,"2,499",0.0047
AMAIYA,7,"2,499",0.0047
AMENA,7,"2,499",0.0047
AMETHYST,7,"2,499",0.0047
AMY-ROSE,7,"2,499",0.0047
ANAHITA,7,"2,499",0.0047
ANASTASIJA,7,"2,499",0.0047
ANGE,7,"2,499",0.0047
ANISHA,7,"2,499",0.0047
ANNALEE,7,"2,499",0.0047
ANNEKE,7,"2,499",0.0047
ANNELIESE,7,"2,499",0.0047
ANNELISE,7,"2,499",0.0047
ARIE,7,"2,499",0.0047
ARIKA,7,"2,499",0.0047
ARIYANA,7,"2,499",0.0047
ARLENE,7,"2,499",0.0047
ARYAH,7,"2,499",0.0047
ARYAM,7,"2,499",0.0047
ASHTON,7,"2,499",0.0047
ASSIA,7,"2,499",0.0047
ASTRA,7,"2,499",0.0047
ATHIRA,7,"2,499",0.0047
AUBE,7,"2,499",0.0047
AUGUSTA,7,"2,499",0.0047
AURELY,7,"2,499",0.0047
AVLYN,7,"2,499",0.0047
AYRAH,7,"2,499",0.0047
BANEET,7,"2,499",0.0047
BAYLEIGH,7,"2,499",0.0047
BITANYA,7,"2,499",0.0047
BRYAR,7,"2,499",0.0047
BRYER,7,"2,499",0.0047
BRYNNLEY,7,"2,499",0.0047
CALIA,7,"2,499",0.0047
CANDICE,7,"2,499",0.0047
CARLEE,7,"2,499",0.0047
CARLEY,7,"2,499",0.0047
CHRISTIANA,7,"2,499",0.0047
CLARICE,7,"2,499",0.0047
CLARISSE,7,"2,499",0.0047
CONNIE,7,"2,499",0.0047
DALIYAH,7,"2,499",0.0047
DAMARIS,7,"2,499",0.0047
DAWN,7,"2,499",0.0047
DESIRAE,7,"2,499",0.0047
DEVYN,7,"2,499",0.0047
DIANNA,7,"2,499",0.0047
DIBA,7,"2,499",0.0047
DIEM,7,"2,499",0.0047
DIVYA,7,"2,499",0.0047
DOTTIE,7,"2,499",0.0047
DUNYA,7,"2,499",0.0047
EKAM,7,"2,499",0.0047
ELAYA,7,"2,499",0.0047
ELIE-JADE,7,"2,499",0.0047
ELIYANA,7,"2,499",0.0047
ELLANA,7,"2,499",0.0047
ELLI,7,"2,499",0.0047
ELYSA,7,"2,499",0.0047
EMILEE,7,"2,499",0.0047
EMMELYN,7,"2,499",0.0047
ENA,7,"2,499",0.0047
ENOLA,7,"2,499",0.0047
ESHAL,7,"2,499",0.0047
EVALINA,7,"2,499",0.0047
EVANGELINA,7,"2,499",0.0047
EVELINE,7,"2,499",0.0047
EVORA,7,"2,499",0.0047
EYA,7,"2,499",0.0047
FATMA,7,"2,499",0.0047
FLORIANNE,7,"2,499",0.0047
GIAVANNA,7,"2,499",0.0047
GINNY,7,"2,499",0.0047
GRAY,7,"2,499",0.0047
GURLEEN,7,"2,499",0.0047
GURNAZ,7,"2,499",0.0047
GURSIFAT,7,"2,499",0.0047
HANAE,7,"2,499",0.0047
HAZLEY,7,"2,499",0.0047
HIDAYA,7,"2,499",0.0047
HILDA,7,"2,499",0.0047
HIYA,7,"2,499",0.0047
ILEANA,7,"2,499",0.0047
ILONA,7,"2,499",0.0047
INDIA,7,"2,499",0.0047
INESSA,7,"2,499",0.0047
IRELYN,7,"2,499",0.0047
IRIE,7,"2,499",0.0047
IVEY,7,"2,499",0.0047
IZABELA,7,"2,499",0.0047
JACINTA,7,"2,499",0.0047
JAELLE,7,"2,499",0.0047
JANAE,7,"2,499",0.0047
JAYCEE,7,"2,499",0.0047
JEMIMA,7,"2,499",0.0047
JULIANE,7,"2,499",0.0047
JULYA,7,"2,499",0.0047
JUNIA,7,"2,499",0.0047
KADENCE,7,"2,499",0.0047
KAELYNN,7,"2,499",0.0047
KALEAH,7,"2,499",0.0047
KALIE,7,"2,499",0.0047
KAMILAH,7,"2,499",0.0047
KARLA,7,"2,499",0.0047
KATANA,7,"2,499",0.0047
KATERI,7,"2,499",0.0047
KATHY,7,"2,499",0.0047
KAWTHAR,7,"2,499",0.0047
KAYLIN,7,"2,499",0.0047
KEEVA,7,"2,499",0.0047
KELSEA,7,"2,499",0.0047
KELYA,7,"2,499",0.0047
KENSI,7,"2,499",0.0047
KENSINGTON,7,"2,499",0.0047
KEREN,7,"2,499",0.0047
KESHVI,7,"2,499",0.0047
KHALIA,7,"2,499",0.0047
KIMBERLEY,7,"2,499",0.0047
KYNLEE,7,"2,499",0.0047
LAKEN,7,"2,499",0.0047
LAREEN,7,"2,499",0.0047
LAURELIE,7,"2,499",0.0047
LAURIANE,7,"2,499",0.0047
LEIKA,7,"2,499",0.0047
LENORE,7,"2,499",0.0047
LEONORA,7,"2,499",0.0047
LEONY,7,"2,499",0.0047
LEYANA,7,"2,499",0.0047
LIARA,7,"2,499",0.0047
LILAS,7,"2,499",0.0047
LILLIA,7,"2,499",0.0047
LILLITH,7,"2,499",0.0047
LILY-JADE,7,"2,499",0.0047
LIVI,7,"2,499",0.0047
LIVYA,7,"2,499",0.0047
LIZ,7,"2,499",0.0047
LOAH,7,"2,499",0.0047
LOREN,7,"2,499",0.0047
MADDEN,7,"2,499",0.0047
MAELLY,7,"2,499",0.0047
MAHSA,7,"2,499",0.0047
MAISSA,7,"2,499",0.0047
MAIYA,7,"2,499",0.0047
MALAYAH,7,"2,499",0.0047
MALKA,7,"2,499",0.0047
MANA,7,"2,499",0.0047
MANSIRAT,7,"2,499",0.0047
MARAM,7,"2,499",0.0047
MARANATHA,7,"2,499",0.0047
MARIE-JEANNE,7,"2,499",0.0047
MARIYAM,7,"2,499",0.0047
MARLENE,7,"2,499",0.0047
MARYJANE,7,"2,499",0.0047
MASHA,7,"2,499",0.0047
MATTIE,7,"2,499",0.0047
MAYSA,7,"2,499",0.0047
MAZE,7,"2,499",0.0047
MEILANI,7,"2,499",0.0047
MELYNA,7,"2,499",0.0047
MIHIKA,7,"2,499",0.0047
MILANE,7,"2,499",0.0047
MIYAH,7,"2,499",0.0047
MYLEE,7,"2,499",0.0047
NAFISA,7,"2,499",0.0047
NAILAH,7,"2,499",0.0047
NAISHA,7,"2,499",0.0047
NEHA,7,"2,499",0.0047
NEVA,7,"2,499",0.0047
NEYLA,7,"2,499",0.0047
NIMAR,7,"2,499",0.0047
NIRVANA,7,"2,499",0.0047
NOEL,7,"2,499",0.0047
NOORA,7,"2,499",0.0047
NUHA,7,"2,499",0.0047
NYOMI,7,"2,499",0.0047
OCEANA,7,"2,499",0.0047
ODELIE,7,"2,499",0.0047
OHANA,7,"2,499",0.0047
ONYX,7,"2,499",0.0047
ORA,7,"2,499",0.0047
PAOLA,7,"2,499",0.0047
PORTER,7,"2,499",0.0047
POSIE,7,"2,499",0.0047
PRANAVI,7,"2,499",0.0047
QUEENIE,7,"2,499",0.0047
RACHAEL,7,"2,499",0.0047
RAIZEL,7,"2,499",0.0047
RAPHAELLA,7,"2,499",0.0047
RAYLEIGH,7,"2,499",0.0047
RAYLYNN,7,"2,499",0.0047
REEVA,7,"2,499",0.0047
REI,7,"2,499",0.0047
RENAE,7,"2,499",0.0047
RHYTHM,7,"2,499",0.0047
RISHIKA,7,"2,499",0.0047
ROMINA,7,"2,499",0.0047
ROSABELLA,7,"2,499",0.0047
ROSEY,7,"2,499",0.0047
ROXY,7,"2,499",0.0047
ROYA,7,"2,499",0.0047
RUBI,7,"2,499",0.0047
RUNA,7,"2,499",0.0047
SAFFRON,7,"2,499",0.0047
SAI,7,"2,499",0.0047
SAMIE,7,"2,499",0.0047
SANIYA,7,"2,499",0.0047
SARAH-JEANNE,7,"2,499",0.0047
SCOTLYNN,7,"2,499",0.0047
SCOTTI,7,"2,499",0.0047
SERA,7,"2,499",0.0047
SERAH,7,"2,499",0.0047
SHANELLE,7,"2,499",0.0047
SHANNA,7,"2,499",0.0047
SHAYNA,7,"2,499",0.0047
SIANA,7,"2,499",0.0047
SIHAM,7,"2,499",0.0047
SILA,7,"2,499",0.0047
SILVIA,7,"2,499",0.0047
SIRAT,7,"2,499",0.0047
SKYLEE,7,"2,499",0.0047
SOFIA-ROSE,7,"2,499",0.0047
SOFIJA,7,"2,499",0.0047
SOL,7,"2,499",0.0047
SONA,7,"2,499",0.0047
SONYA,7,"2,499",0.0047
SOPHIA-ROSE,7,"2,499",0.0047
STARR,7,"2,499",0.0047
STERLING,7,"2,499",0.0047
SUNDAY,7,"2,499",0.0047
TABITHA,7,"2,499",0.0047
TAMIA,7,"2,499",0.0047
TANISHKA,7,"2,499",0.0047
TEA,7,"2,499",0.0047
TEEGAN,7,"2,499",0.0047
THORA,7,"2,499",0.0047
TILLIE,7,"2,499",0.0047
UMAIZA,7,"2,499",0.0047
VAISHNAVI,7,"2,499",0.0047
VALKYRIE,7,"2,499",0.0047
VENUS,7,"2,499",0.0047
VIHA,7,"2,499",0.0047
VITTORIA,7,"2,499",0.0047
VIYANA,7,"2,499",0.0047
XENA,7,"2,499",0.0047
XENIA,7,"2,499",0.0047
XIMENA,7,"2,499",0.0047
YOLANDA,7,"2,499",0.0047
YORKABEL,7,"2,499",0.0047
YVETTE,7,"2,499",0.0047
ZAHA,7,"2,499",0.0047
ZAILA,7,"2,499",0.0047
ZANIYAH,7,"2,499",0.0047
ZEINAB,7,"2,499",0.0047
ZEPHYR,7,"2,499",0.0047
ZIANA,7,"2,499",0.0047
ZYA,7,"2,499",0.0047
AALYA,6,"2,772",0.004
AARA,6,"2,772",0.004
AAYAH,6,"2,772",0.004
ABIGAYLE,6,"2,772",0.004
ABIHA,6,"2,772",0.004
ADAEZE,6,"2,772",0.004
ADANNA,6,"2,772",0.004
ADARA,6,"2,772",0.004
ADDIE,6,"2,772",0.004
ADELAINE,6,"2,772",0.004
ADELEINE,6,"2,772",0.004
ADILYN,6,"2,772",0.004
ADRIEL,6,"2,772",0.004
AILI,6,"2,772",0.004
AINHOA,6,"2,772",0.004
AISLA,6,"2,772",0.004
AISSATOU,6,"2,772",0.004
AIZEL,6,"2,772",0.004
AKINA,6,"2,772",0.004
AKSHAYA,6,"2,772",0.004
ALA,6,"2,772",0.004
ALEEHA,6,"2,772",0.004
ALEXYA,6,"2,772",0.004
ALI,6,"2,772",0.004
ALIDA,6,"2,772",0.004
ALIXE,6,"2,772",0.004
ALIZAY,6,"2,772",0.004
ALIZE,6,"2,772",0.004
ALORAH,6,"2,772",0.004
ALYAH,6,"2,772",0.004
ALYRA,6,"2,772",0.004
ALYSE,6,"2,772",0.004
ALYSS,6,"2,772",0.004
AMANDINE,6,"2,772",0.004
AMEL,6,"2,772",0.004
AMILA,6,"2,772",0.004
AMILIA,6,"2,772",0.004
AMYRAH,6,"2,772",0.004
ANAAHAT,6,"2,772",0.004
ANEET,6,"2,772",0.004
ANNORA,6,"2,772",0.004
ANNY,6,"2,772",0.004
ANOOP,6,"2,772",0.004
ANZAL,6,"2,772",0.004
ARIJ,6,"2,772",0.004
ARUVI,6,"2,772",0.004
ASHLEEN,6,"2,772",0.004
ASMAA,6,"2,772",0.004
ASRA,6,"2,772",0.004
ASTOU,6,"2,772",0.004
ATHALIA,6,"2,772",0.004
ATLEE,6,"2,772",0.004
AUDRA,6,"2,772",0.004
AURORE,6,"2,772",0.004
AVA-LYNN,6,"2,772",0.004
AVANA,6,"2,772",0.004
AVA-ROSE,6,"2,772",0.004
AVELINA,6,"2,772",0.004
AVELINE,6,"2,772",0.004
AVEN,6,"2,772",0.004
AVIGAIL,6,"2,772",0.004
AVINA,6,"2,772",0.004
AVISHA,6,"2,772",0.004
AYDEN,6,"2,772",0.004
AZEEZ,6,"2,772",0.004
BASMA,6,"2,772",0.004
BELEN,6,"2,772",0.004
BENEDICTE,6,"2,772",0.004
BHAVYA,6,"2,772",0.004
BILLY,6,"2,772",0.004
BLAKELEY,6,"2,772",0.004
BLAKELYN,6,"2,772",0.004
BRENDA,6,"2,772",0.004
BRIGITTE,6,"2,772",0.004
CAIA,6,"2,772",0.004
CALLIA,6,"2,772",0.004
CAMIE,6,"2,772",0.004
CAMILIA,6,"2,772",0.004
CAOIMHE,6,"2,772",0.004
CATERINA,6,"2,772",0.004
CATHY,6,"2,772",0.004
CHARIS,6,"2,772",0.004
CHARLYE,6,"2,772",0.004
CHERYL,6,"2,772",0.004
CHRISTELLE,6,"2,772",0.004
CIENNA,6,"2,772",0.004
CIERRA,6,"2,772",0.004
CLAUDIE,6,"2,772",0.004
COCO,6,"2,772",0.004
COLLEEN,6,"2,772",0.004
DEA,6,"2,772",0.004
DELARA,6,"2,772",0.004
DELINA,6,"2,772",0.004
DESTINEE,6,"2,772",0.004
DEVINA,6,"2,772",0.004
DHIYA,6,"2,772",0.004
DIVISHA,6,"2,772",0.004
DOLLY,6,"2,772",0.004
EASTYN,6,"2,772",0.004
EBADAT,6,"2,772",0.004
ELEONORA,6,"2,772",0.004
ELI-ROSE,6,"2,772",0.004
ELIYAH,6,"2,772",0.004
ELYROSE,6,"2,772",0.004
EMBERLEE,6,"2,772",0.004
EMELYN,6,"2,772",0.004
EMIRA,6,"2,772",0.004
EMMALEE,6,"2,772",0.004
EMMALINE,6,"2,772",0.004
EMORY,6,"2,772",0.004
EMYLIA,6,"2,772",0.004
ENAYAT,6,"2,772",0.004
ERIS,6,"2,772",0.004
ERYN,6,"2,772",0.004
ESMAY,6,"2,772",0.004
ESRAA,6,"2,772",0.004
ETHEL,6,"2,772",0.004
EVAROSE,6,"2,772",0.004
EVELEEN,6,"2,772",0.004
EVERLIE,6,"2,772",0.004
EVIA,6,"2,772",0.004
EZLYNN,6,"2,772",0.004
EZRI,6,"2,772",0.004
FANTA,6,"2,772",0.004
FENNA,6,"2,772",0.004
FINN,6,"2,772",0.004
FIORELLA,6,"2,772",0.004
FLEUR,6,"2,772",0.004
GHAZAL,6,"2,772",0.004
GILLIAN,6,"2,772",0.004
GIOIA,6,"2,772",0.004
GLADYS,6,"2,772",0.004
GRAYSON,6,"2,772",0.004
GUNREET,6,"2,772",0.004
GURSEERAT,6,"2,772",0.004
GURSEHAJ,6,"2,772",0.004
GURSIRAT,6,"2,772",0.004
GWENEVERE,6,"2,772",0.004
GWENYTH,6,"2,772",0.004
HAADIYA,6,"2,772",0.004
HABIBA,6,"2,772",0.004
HADASSA,6,"2,772",0.004
HAILY,6,"2,772",0.004
HALEEMA,6,"2,772",0.004
HALI,6,"2,772",0.004
HASET,6,"2,772",0.004
HEER,6,"2,772",0.004
HENDRIX,6,"2,772",0.004
HENSLEY,6,"2,772",0.004
HERA,6,"2,772",0.004
HINA,6,"2,772",0.004
HOLLIE,6,"2,772",0.004
HURAIN,6,"2,772",0.004
ILLYANA,6,"2,772",0.004
IMELDA,6,"2,772",0.004
INDIGO,6,"2,772",0.004
INEZ,6,"2,772",0.004
ISHLEEN,6,"2,772",0.004
ISLAY,6,"2,772",0.004
IVY-ROSE,6,"2,772",0.004
IZA,6,"2,772",0.004
IZNA,6,"2,772",0.004
JAAP,6,"2,772",0.004
JACELYN,6,"2,772",0.004
JALIYAH,6,"2,772",0.004
JANVI,6,"2,772",0.004
JASKIRAT,6,"2,772",0.004
JASMEEN,6,"2,772",0.004
JASMINA,6,"2,772",0.004
JENESIS,6,"2,772",0.004
JENICA,6,"2,772",0.004
JO,6,"2,772",0.004
JOSLYN,6,"2,772",0.004
JOUMANA,6,"2,772",0.004
JULIETTA,6,"2,772",0.004
KAILYN,6,"2,772",0.004
KAMELYA,6,"2,772",0.004
KANA,6,"2,772",0.004
KARI,6,"2,772",0.004
KASSIE,6,"2,772",0.004
KAY,6,"2,772",0.004
KELLYANN,6,"2,772",0.004
KENDA,6,"2,772",0.004
KEYLA,6,"2,772",0.004
KIAH,6,"2,772",0.004
KIMIA,6,"2,772",0.004
KIYA,6,"2,772",0.004
KIYANNA,6,"2,772",0.004
KIYOMI,6,"2,772",0.004
KYLEIGH,6,"2,772",0.004
LAHNA,6,"2,772",0.004
LARKIN,6,"2,772",0.004
LAYANA,6,"2,772",0.004
LEANORA,6,"2,772",0.004
LEGACY,6,"2,772",0.004
LELIA,6,"2,772",0.004
LENNI,6,"2,772",0.004
LEORA,6,"2,772",0.004
LIAH,6,"2,772",0.004
LIANNE,6,"2,772",0.004
LILLA,6,"2,772",0.004
LINDSEY,6,"2,772",0.004
LOTUS,6,"2,772",0.004
LOU-ANNA,6,"2,772",0.004
LOUELLA,6,"2,772",0.004
LOVELY,6,"2,772",0.004
LYNETTE,6,"2,772",0.004
MADALENA,6,"2,772",0.004
MADELYNE,6,"2,772",0.004
MAI,6,"2,772",0.004
MAILY,6,"2,772",0.004
MALI,6,"2,772",0.004
MALORIE,6,"2,772",0.004
MANAAL,6,"2,772",0.004
MARGARITA,6,"2,772",0.004
MARIEM,6,"2,772",0.004
MARITA,6,"2,772",0.004
MATEA,6,"2,772",0.004
MAUREEN,6,"2,772",0.004
MAXYM,6,"2,772",0.004
MAYKA,6,"2,772",0.004
MAYZE,6,"2,772",0.004
MEDINA,6,"2,772",0.004
MEENA,6,"2,772",0.004
MEGHA,6,"2,772",0.004
MEKLIT,6,"2,772",0.004
MELAT,6,"2,772",0.004
MELEK,6,"2,772",0.004
MELIKA,6,"2,772",0.004
MELYA,6,"2,772",0.004
MILANIA,6,"2,772",0.004
MINAL,6,"2,772",0.004
MIRABELLA,6,"2,772",0.004
MIRNA,6,"2,772",0.004
MISHAL,6,"2,772",0.004
MONTANA,6,"2,772",0.004
MUNACHIMSO,6,"2,772",0.004
MUNROE,6,"2,772",0.004
MURAEL,6,"2,772",0.004
MYA-ROSE,6,"2,772",0.004
NAELLY,6,"2,772",0.004
NAIKA,6,"2,772",0.004
NAINA,6,"2,772",0.004
NAOMY,6,"2,772",0.004
NAVIE,6,"2,772",0.004
NAWAL,6,"2,772",0.004
NEAVE,6,"2,772",0.004
NECHAMA,6,"2,772",0.004
NEHAL,6,"2,772",0.004
NEHCHAL,6,"2,772",0.004
NEILA,6,"2,772",0.004
NIDHI,6,"2,772",0.004
NIRA,6,"2,772",0.004
NOELLIE,6,"2,772",0.004
NYX,6,"2,772",0.004
OAKLAND,6,"2,772",0.004
OKSANA,6,"2,772",0.004
OPHELYA,6,"2,772",0.004
OVIYA,6,"2,772",0.004
PATIENCE,6,"2,772",0.004
RADHYA,6,"2,772",0.004
RAELEIGH,6,"2,772",0.004
RAHEL,6,"2,772",0.004
RAUNAK,6,"2,772",0.004
RAZANE,6,"2,772",0.004
REA,6,"2,772",0.004
REMIE,6,"2,772",0.004
REVERIE,6,"2,772",0.004
RHEYA,6,"2,772",0.004
RHYAN,6,"2,772",0.004
RIDLEY,6,"2,772",0.004
RIM,6,"2,772",0.004
RISHA,6,"2,772",0.004
RIVIERA,6,"2,772",0.004
RIVKAH,6,"2,772",0.004
ROBERTA,6,"2,772",0.004
ROSAMUND,6,"2,772",0.004
ROSANNE,6,"2,772",0.004
ROWYNN,6,"2,772",0.004
ROYALTY,6,"2,772",0.004
RYSA,6,"2,772",0.004
RYVER,6,"2,772",0.004
SAACHI,6,"2,772",0.004
SADE,6,"2,772",0.004
SAHEJ,6,"2,772",0.004
SAILOR,6,"2,772",0.004
SAKEENA,6,"2,772",0.004
SAMARAH,6,"2,772",0.004
SAMMY,6,"2,772",0.004
SANIA,6,"2,772",0.004
SANVIKA,6,"2,772",0.004
SARAH-JADE,6,"2,772",0.004
SARIAH,6,"2,772",0.004
SARON,6,"2,772",0.004
SASKIA,6,"2,772",0.004
SAVANA,6,"2,772",0.004
SAYESHA,6,"2,772",0.004
SEJAL,6,"2,772",0.004
SELIHOM,6,"2,772",0.004
SEPHORA,6,"2,772",0.004
SEREEN,6,"2,772",0.004
SHALOM,6,"2,772",0.004
SHEKINAH,6,"2,772",0.004
SHIRA,6,"2,772",0.004
SHOSHANA,6,"2,772",0.004
SHREE,6,"2,772",0.004
SINIT,6,"2,772",0.004
SOLIANA,6,"2,772",0.004
SOULINE,6,"2,772",0.004
STELLA-ROSE,6,"2,772",0.004
STORM,6,"2,772",0.004
SUHAAVI,6,"2,772",0.004
SULLIVAN,6,"2,772",0.004
SUMAYYA,6,"2,772",0.004
SUSANNAH,6,"2,772",0.004
SUZANNE,6,"2,772",0.004
TAJ,6,"2,772",0.004
TANVEER,6,"2,772",0.004
TASNIME,6,"2,772",0.004
TEHZEEB,6,"2,772",0.004
TEYA,6,"2,772",0.004
THEADORA,6,"2,772",0.004
TILLEY,6,"2,772",0.004
TOVA,6,"2,772",0.004
TREASURE,6,"2,772",0.004
TRIXIE,6,"2,772",0.004
USTAT,6,"2,772",0.004
VANSHIKA,6,"2,772",0.004
VIANA,6,"2,772",0.004
VICTOIRE,6,"2,772",0.004
WANIA,6,"2,772",0.004
WARDA,6,"2,772",0.004
WATEEN,6,"2,772",0.004
WAYLON,6,"2,772",0.004
WESTLYN,6,"2,772",0.004
WYNNIE,6,"2,772",0.004
WYNONA,6,"2,772",0.004
YASHIKA,6,"2,772",0.004
YEMARIAM,6,"2,772",0.004
YURI,6,"2,772",0.004
ZAISHA,6,"2,772",0.004
ZANA,6,"2,772",0.004
ZAYAH,6,"2,772",0.004
ZAYDA,6,"2,772",0.004
ZEYNA,6,"2,772",0.004
ZIYAH,6,"2,772",0.004
ZOELY,6,"2,772",0.004
ZOSIA,6,"2,772",0.004
ZUNAISHA,6,"2,772",0.004
AAMINAH,5,"3,121",0.0034
AANSHI,5,"3,121",0.0034
AARIA,5,"3,121",0.0034
AARZA,5,"3,121",0.0034
AASIYA,5,"3,121",0.0034
AASIYAH,5,"3,121",0.0034
AAYLA,5,"3,121",0.0034
ABEERA,5,"3,121",0.0034
ABIGALE,5,"3,121",0.0034
ABILENE,5,"3,121",0.0034
ABRAR,5,"3,121",0.0034
ACELYNN,5,"3,121",0.0034
ADALINA,5,"3,121",0.0034
ADAYA,5,"3,121",0.0034
ADDALYN,5,"3,121",0.0034
ADEENA,5,"3,121",0.0034
ADELYNE,5,"3,121",0.0034
ADITRI,5,"3,121",0.0034
ADRIAN,5,"3,121",0.0034
ADRINA,5,"3,121",0.0034
ADVIKA,5,"3,121",0.0034
AELLA,5,"3,121",0.0034
AERITH,5,"3,121",0.0034
AFNANE,5,"3,121",0.0034
AILEE,5,"3,121",0.0034
AIMA,5,"3,121",0.0034
AINA,5,"3,121",0.0034
AINSLEE,5,"3,121",0.0034
ALEEYAH,5,"3,121",0.0034
ALIAH,5,"3,121",0.0034
ALIZAH,5,"3,121",0.0034
ALMAS,5,"3,121",0.0034
ALYSHA,5,"3,121",0.0034
ALYZEE,5,"3,121",0.0034
AMAIRAH,5,"3,121",0.0034
AMARIA,5,"3,121",0.0034
AMARIAH,5,"3,121",0.0034
AMEENAH,5,"3,121",0.0034
AMISHA,5,"3,121",0.0034
AMOURA,5,"3,121",0.0034
ANAB,5,"3,121",0.0034
ANAHAD,5,"3,121",0.0034
ANASTASYA,5,"3,121",0.0034
ANILA,5,"3,121",0.0034
ANJOLAOLUWA,5,"3,121",0.0034
ANNABETH,5,"3,121",0.0034
ANNALIA,5,"3,121",0.0034
ANNELIE,5,"3,121",0.0034
ANTOINETTE,5,"3,121",0.0034
ARAIYA,5,"3,121",0.0034
ARANYA,5,"3,121",0.0034
ARFA,5,"3,121",0.0034
ARHA,5,"3,121",0.0034
ARWYN,5,"3,121",0.0034
ASA,5,"3,121",0.0034
ASHER,5,"3,121",0.0034
ASMARA,5,"3,121",0.0034
ASTRAEA,5,"3,121",0.0034
ATARAH,5,"3,121",0.0034
ATASHA,5,"3,121",0.0034
ATLEY,5,"3,121",0.0034
AVYA,5,"3,121",0.0034
AYZA,5,"3,121",0.0034
AZALEE,5,"3,121",0.0034
BAILA,5,"3,121",0.0034
BANA,5,"3,121",0.0034
BARQAT,5,"3,121",0.0034
BAY,5,"3,121",0.0034
BEAU,5,"3,121",0.0034
BERKELEY,5,"3,121",0.0034
BERLIN,5,"3,121",0.0034
BERYL,5,"3,121",0.0034
BETHLEHEM,5,"3,121",0.0034
BETSY,5,"3,121",0.0034
BISMA,5,"3,121",0.0034
BITANIA,5,"3,121",0.0034
BOBBI,5,"3,121",0.0034
BODHI,5,"3,121",0.0034
BRANDI,5,"3,121",0.0034
BRIEANNA,5,"3,121",0.0034
BRODIE,5,"3,121",0.0034
BRODY,5,"3,121",0.0034
BRONTE,5,"3,121",0.0034
BRYANA,5,"3,121",0.0034
CAELYN,5,"3,121",0.0034
CALISSA,5,"3,121",0.0034
CALLAHAN,5,"3,121",0.0034
CALLI,5,"3,121",0.0034
CARMELLA,5,"3,121",0.0034
CARMINA,5,"3,121",0.0034
CATARINA,5,"3,121",0.0034
CELESTIA,5,"3,121",0.0034
CHANY,5,"3,121",0.0034
CHARLY-ROSE,5,"3,121",0.0034
CHARMAINE,5,"3,121",0.0034
CLARENCE,5,"3,121",0.0034
CLEOPATRA,5,"3,121",0.0034
CLIO,5,"3,121",0.0034
COHEN,5,"3,121",0.0034
CORALY,5,"3,121",0.0034
CORI,5,"3,121",0.0034
DALINA,5,"3,121",0.0034
DEEMA,5,"3,121",0.0034
DELA,5,"3,121",0.0034
DENA,5,"3,121",0.0034
DHRUVI,5,"3,121",0.0034
DITYA,5,"3,121",0.0034
DIVORA,5,"3,121",0.0034
DIVREET,5,"3,121",0.0034
DOREEN,5,"3,121",0.0034
DOROTHEA,5,"3,121",0.0034
DOVE,5,"3,121",0.0034
DUHA,5,"3,121",0.0034
EESHA,5,"3,121",0.0034
EILISH,5,"3,121",0.0034
EISLEY,5,"3,121",0.0034
ELEKTRA,5,"3,121",0.0034
ELHAM,5,"3,121",0.0034
ELIS,5,"3,121",0.0034
ELISSE,5,"3,121",0.0034
ELIZ,5,"3,121",0.0034
ELLANORA,5,"3,121",0.0034
ELLIEANNA,5,"3,121",0.0034
ELLISON,5,"3,121",0.0034
ELLOWYN,5,"3,121",0.0034
ELNAZ,5,"3,121",0.0034
ELONA,5,"3,121",0.0034
ELSPETH,5,"3,121",0.0034
ELVIRA,5,"3,121",0.0034
ELYNE,5,"3,121",0.0034
ELYSIA,5,"3,121",0.0034
EMBERLEY,5,"3,121",0.0034
EMBERLYNN,5,"3,121",0.0034
EMELINE,5,"3,121",0.0034
EMIKA,5,"3,121",0.0034
EMILIJA,5,"3,121",0.0034
EMILYA,5,"3,121",0.0034
EMMA-LEE,5,"3,121",0.0034
EMMARIE,5,"3,121",0.0034
EMRYN,5,"3,121",0.0034
EMSLEY,5,"3,121",0.0034
ENNA,5,"3,121",0.0034
ERYNN,5,"3,121",0.0034
ESMERAY,5,"3,121",0.0034
ESTY,5,"3,121",0.0034
EVELYNNE,5,"3,121",0.0034
EVERETT,5,"3,121",0.0034
EVERLYN,5,"3,121",0.0034
EVLEEN,5,"3,121",0.0034
EYLA,5,"3,121",0.0034
FALAK,5,"3,121",0.0034
FARIDA,5,"3,121",0.0034
FARIHA,5,"3,121",0.0034
FATEMEH,5,"3,121",0.0034
FILSAN,5,"3,121",0.0034
FLYNN,5,"3,121",0.0034
FREIDA,5,"3,121",0.0034
GABY,5,"3,121",0.0034
GEORGETTE,5,"3,121",0.0034
GEORGIANA,5,"3,121",0.0034
GHALIA,5,"3,121",0.0034
GHITA,5,"3,121",0.0034
GRAYCE,5,"3,121",0.0034
GRETCHEN,5,"3,121",0.0034
GUNTAS,5,"3,121",0.0034
GURBAANI,5,"3,121",0.0034
GURNEET,5,"3,121",0.0034
GWENIVERE,5,"3,121",0.0034
HADDIE,5,"3,121",0.0034
HADIYAH,5,"3,121",0.0034
HALINA,5,"3,121",0.0034
HARINI,5,"3,121",0.0034
HARJAP,5,"3,121",0.0034
HARKIRAT,5,"3,121",0.0034
HARLEIGH,5,"3,121",0.0034
HARMEET,5,"3,121",0.0034
HARMONIE,5,"3,121",0.0034
HARNEEZ,5,"3,121",0.0034
HARRIETTE,5,"3,121",0.0034
HARSEERAT,5,"3,121",0.0034
HAWWA,5,"3,121",0.0034
HAYZEL,5,"3,121",0.0034
HAZELY,5,"3,121",0.0034
HEAVENLY,5,"3,121",0.0034
HENRIETTE,5,"3,121",0.0034
HIDAYAH,5,"3,121",0.0034
HILARY,5,"3,121",0.0034
HIMMAT,5,"3,121",0.0034
HINAYA,5,"3,121",0.0034
HIYAB,5,"3,121",0.0034
HOLLEY,5,"3,121",0.0034
HORTENSE,5,"3,121",0.0034
HUNAR,5,"3,121",0.0034
HUNTLEY,5,"3,121",0.0034
IKHLAS,5,"3,121",0.0034
ILAAHI,5,"3,121",0.0034
ILAH,5,"3,121",0.0034
ILHAN,5,"3,121",0.0034
ILLIANA,5,"3,121",0.0034
INAARA,5,"3,121",0.0034
INAYRA,5,"3,121",0.0034
INIOLUWA,5,"3,121",0.0034
ISA,5,"3,121",0.0034
ISHANVI,5,"3,121",0.0034
ITALIA,5,"3,121",0.0034
IYANA,5,"3,121",0.0034
IYRA,5,"3,121",0.0034
IZZA,5,"3,121",0.0034
JAHZARA,5,"3,121",0.0034
JAIDEN,5,"3,121",0.0034
JANAN,5,"3,121",0.0034
JANELLA,5,"3,121",0.0034
JASMEHAR,5,"3,121",0.0034
JASMYNE,5,"3,121",0.0034
JASREEN,5,"3,121",0.0034
JAYLEE,5,"3,121",0.0034
JAYLEEN,5,"3,121",0.0034
JAYLIN,5,"3,121",0.0034
JAZLYNN,5,"3,121",0.0034
JENA,5,"3,121",0.0034
JENAIAH,5,"3,121",0.0034
JIHAN,5,"3,121",0.0034
JILL,5,"3,121",0.0034
JISHA,5,"3,121",0.0034
JOANA,5,"3,121",0.0034
JODI,5,"3,121",0.0034
JODIE,5,"3,121",0.0034
JOELLA,5,"3,121",0.0034
JORDI,5,"3,121",0.0034
JOURNIE,5,"3,121",0.0034
JOYA,5,"3,121",0.0034
JUMANA,5,"3,121",0.0034
JUPITER,5,"3,121",0.0034
KADIATOU,5,"3,121",0.0034
KAHLIA,5,"3,121",0.0034
KAILI,5,"3,121",0.0034
KAIYAH,5,"3,121",0.0034
KALEA,5,"3,121",0.0034
KALIAH,5,"3,121",0.0034
KALIYA,5,"3,121",0.0034
KALLI,5,"3,121",0.0034
KALLIOPE,5,"3,121",0.0034
KAROLINA,5,"3,121",0.0034
KATHARINA,5,"3,121",0.0034
KATYA,5,"3,121",0.0034
KAYAH,5,"3,121",0.0034
KAYDEN,5,"3,121",0.0034
KAYLYN,5,"3,121",0.0034
KEANA,5,"3,121",0.0034
KEANNA,5,"3,121",0.0034
KELSY,5,"3,121",0.0034
KEMPER,5,"3,121",0.0034
KENDAL,5,"3,121",0.0034
KENZY,5,"3,121",0.0034
KEONA,5,"3,121",0.0034
KETSIA,5,"3,121",0.0034
KHALANI,5,"3,121",0.0034
KHUSHI,5,"3,121",0.0034
KIKI,5,"3,121",0.0034
KISMAT,5,"3,121",0.0034
KLAIRE,5,"3,121",0.0034
KLEA,5,"3,121",0.0034
KOA,5,"3,121",0.0034
KOLLINS,5,"3,121",0.0034
KRISTY,5,"3,121",0.0034
KYNA,5,"3,121",0.0034
LAELLE,5,"3,121",0.0034
LAKEYN,5,"3,121",0.0034
LANDYN,5,"3,121",0.0034
LARISA,5,"3,121",0.0034
LAURY,5,"3,121",0.0034
LAVIN,5,"3,121",0.0034
LAYTON,5,"3,121",0.0034
LEA-JEANNE,5,"3,121",0.0034
LEA-MAUDE,5,"3,121",0.0034
LEEYA,5,"3,121",0.0034
LEINA,5,"3,121",0.0034
LEMMIE,5,"3,121",0.0034
LEO,5,"3,121",0.0034
LESLY,5,"3,121",0.0034
LEVANA,5,"3,121",0.0034
LEVY,5,"3,121",0.0034
LIANE,5,"3,121",0.0034
LILIYA,5,"3,121",0.0034
LINDEN,5,"3,121",0.0034
LIZZY,5,"3,121",0.0034
LOA,5,"3,121",0.0034
LOCHLYN,5,"3,121",0.0034
LOCKLYN,5,"3,121",0.0034
LORA,5,"3,121",0.0034
LORY,5,"3,121",0.0034
LOUANNA,5,"3,121",0.0034
LOU-ANNE,5,"3,121",0.0034
LUCINA,5,"3,121",0.0034
LULA,5,"3,121",0.0034
LULIA,5,"3,121",0.0034
LYA-ROSE,5,"3,121",0.0034
LYZA,5,"3,121",0.0034
MACKENZY,5,"3,121",0.0034
MADDILYN,5,"3,121",0.0034
MADDYN,5,"3,121",0.0034
MADELIN,5,"3,121",0.0034
MADISSON,5,"3,121",0.0034
MADYSSON,5,"3,121",0.0034
MAELA,5,"3,121",0.0034
MAHALIA,5,"3,121",0.0034
MAHELY,5,"3,121",0.0034
MAIMOUNA,5,"3,121",0.0034
MAISHA,5,"3,121",0.0034
MAIZA,5,"3,121",0.0034
MAIZEY,5,"3,121",0.0034
MALIE,5,"3,121",0.0034
MALIHA,5,"3,121",0.0034
MALKY,5,"3,121",0.0034
MALYKA,5,"3,121",0.0034
MANON,5,"3,121",0.0034
MANROOP,5,"3,121",0.0034
MANSIFAT,5,"3,121",0.0034
MANUELLA,5,"3,121",0.0034
MARCELA,5,"3,121",0.0034
MARCELLE,5,"3,121",0.0034
MARGARETHA,5,"3,121",0.0034
MARIAN,5,"3,121",0.0034
MARIEME,5,"3,121",0.0034
MARISA,5,"3,121",0.0034
MARLY,5,"3,121",0.0034
MARWAH,5,"3,121",0.0034
MARYA,5,"3,121",0.0034
MASSA,5,"3,121",0.0034
MAUD,5,"3,121",0.0034
MAVERICK,5,"3,121",0.0034
MAVI,5,"3,121",0.0034
MAVIE,5,"3,121",0.0034
MAX,5,"3,121",0.0034
MAYAN,5,"3,121",0.0034
MAYSIE,5,"3,121",0.0034
MAYUMI,5,"3,121",0.0034
MAYZIE,5,"3,121",0.0034
MEARA,5,"3,121",0.0034
MEERAB,5,"3,121",0.0034
MEESHA,5,"3,121",0.0034
MEHNAZ,5,"3,121",0.0034
MEIA,5,"3,121",0.0034
MELAHER,5,"3,121",0.0034
MELEA,5,"3,121",0.0034
MELROSE,5,"3,121",0.0034
MERIDA,5,"3,121",0.0034
MESA,5,"3,121",0.0034
MICHAELLA,5,"3,121",0.0034
MIESHA,5,"3,121",0.0034
MILDRED,5,"3,121",0.0034
MILO,5,"3,121",0.0034
MINERVA,5,"3,121",0.0034
MIRAH,5,"3,121",0.0034
MISCHA,5,"3,121",0.0034
MISHIKA,5,"3,121",0.0034
MOANA,5,"3,121",0.0034
MONET,5,"3,121",0.0034
MONIKA,5,"3,121",0.0034
MONIQUE,5,"3,121",0.0034
MURIEL,5,"3,121",0.0034
MYIAH,5,"3,121",0.0034
MYLES,5,"3,121",0.0034
MYLIE,5,"3,121",0.0034
NADEGE,5,"3,121",0.0034
NADIYA,5,"3,121",0.0034
NAELIE,5,"3,121",0.0034
NAEVA,5,"3,121",0.0034
NARA,5,"3,121",0.0034
NATHANIA,5,"3,121",0.0034
NAVREET,5,"3,121",0.0034
NEDA,5,"3,121",0.0034
NEEVA,5,"3,121",0.0034
NEHMAT,5,"3,121",0.0034
NELA,5,"3,121",0.0034
NENA,5,"3,121",0.0034
NIKI,5,"3,121",0.0034
NIRVI,5,"3,121",0.0034
NOORAH,5,"3,121",0.0034
NOVA-LYNN,5,"3,121",0.0034
NURAH,5,"3,121",0.0034
NURIA,5,"3,121",0.0034
OLYMPIA,5,"3,121",0.0034
ORION,5,"3,121",0.0034
OXANNA,5,"3,121",0.0034
PAMELA,5,"3,121",0.0034
PARISA,5,"3,121",0.0034
PARNAAZ,5,"3,121",0.0034
PEGGY,5,"3,121",0.0034
PENIEL,5,"3,121",0.0034
PERRIE,5,"3,121",0.0034
PRANSHI,5,"3,121",0.0034
PRESLEE,5,"3,121",0.0034
RABIA,5,"3,121",0.0034
RADHIKA,5,"3,121",0.0034
RAHA,5,"3,121",0.0034
RAINIE,5,"3,121",0.0034
RASHA,5,"3,121",0.0034
RAYANA,5,"3,121",0.0034
REINE,5,"3,121",0.0034
REIYA,5,"3,121",0.0034
REYAH,5,"3,121",0.0034
RHIAN,5,"3,121",0.0034
RIAN,5,"3,121",0.0034
RIDDHI,5,"3,121",0.0034
RIDHI,5,"3,121",0.0034
RIELLA,5,"3,121",0.0034
RINLEY,5,"3,121",0.0034
RITHVIKA,5,"3,121",0.0034
ROCHELLE,5,"3,121",0.0034
ROKHAYA,5,"3,121",0.0034
ROMA,5,"3,121",0.0034
RONNIE,5,"3,121",0.0034
ROSALEIGH,5,"3,121",0.0034
ROSANA,5,"3,121",0.0034
ROSELLA,5,"3,121",0.0034
ROSELYNE,5,"3,121",0.0034
ROWE,5,"3,121",0.0034
ROWENA,5,"3,121",0.0034
ROXANA,5,"3,121",0.0034
ROXANE,5,"3,121",0.0034
ROZLYN,5,"3,121",0.0034
RYA,5,"3,121",0.0034
RYANNE,5,"3,121",0.0034
SABEEKA,5,"3,121",0.0034
SABINE,5,"3,121",0.0034
SAHAANA,5,"3,121",0.0034
SAINA,5,"3,121",0.0034
SALIHA,5,"3,121",0.0034
SAMEERA,5,"3,121",0.0034
SAMIKA,5,"3,121",0.0034
SAMYRA,5,"3,121",0.0034
SANAA,5,"3,121",0.0034
SARAH-MAUDE,5,"3,121",0.0034
SARAYA,5,"3,121",0.0034
SARGI,5,"3,121",0.0034
SAYA,5,"3,121",0.0034
SEAH,5,"3,121",0.0034
SEHAJPREET,5,"3,121",0.0034
SEHRISH,5,"3,121",0.0034
SEREN,5,"3,121",0.0034
SEVA,5,"3,121",0.0034
SEVANA,5,"3,121",0.0034
SHAANVI,5,"3,121",0.0034
SHAMS,5,"3,121",0.0034
SHARLIE,5,"3,121",0.0034
SHAWNA,5,"3,121",0.0034
SHIFRA,5,"3,121",0.0034
SHLOKA,5,"3,121",0.0034
SHRADDHA,5,"3,121",0.0034
SHYRA,5,"3,121",0.0034
SIMRIT,5,"3,121",0.0034
SNOW,5,"3,121",0.0034
SOLARA,5,"3,121",0.0034
SOLENN,5,"3,121",0.0034
SONJA,5,"3,121",0.0034
STEFANIA,5,"3,121",0.0034
STORMY,5,"3,121",0.0034
SUKHMAN,5,"3,121",0.0034
SURY,5,"3,121",0.0034
SUSANA,5,"3,121",0.0034
SUSIE,5,"3,121",0.0034
SUSY,5,"3,121",0.0034
SUZANNA,5,"3,121",0.0034
SUZIE,5,"3,121",0.0034
SYLIA,5,"3,121",0.0034
SYRINE,5,"3,121",0.0034
TAKDEER,5,"3,121",0.0034
TALAYAH,5,"3,121",0.0034
TALEEN,5,"3,121",0.0034
TALINE,5,"3,121",0.0034
TAMIKA,5,"3,121",0.0034
TAQDIR,5,"3,121",0.0034
TEDDY,5,"3,121",0.0034
TEHILLAH,5,"3,121",0.0034
TEHYA,5,"3,121",0.0034
TEIGAN,5,"3,121",0.0034
THIYA,5,"3,121",0.0034
TINSLEY,5,"3,121",0.0034
TIRZAH,5,"3,121",0.0034
TISHA,5,"3,121",0.0034
TORVI,5,"3,121",0.0034
TULLY,5,"3,121",0.0034
TULSI,5,"3,121",0.0034
TZIREL,5,"3,121",0.0034
UMA,5,"3,121",0.0034
UMAMAH,5,"3,121",0.0034
UMBER,5,"3,121",0.0034
URSULA,5,"3,121",0.0034
VANI,5,"3,121",0.0034
VIOLETA,5,"3,121",0.0034
VIONA,5,"3,121",0.0034
VIRASAT,5,"3,121",0.0034
VIRGINIE,5,"3,121",0.0034
VITA,5,"3,121",0.0034
VIVIANNA,5,"3,121",0.0034
WAHENOOR,5,"3,121",0.0034
WANDA,5,"3,121",0.0034
WEDNESDAY,5,"3,121",0.0034
WESLEY,5,"3,121",0.0034
WHITLEY,5,"3,121",0.0034
WRENLY,5,"3,121",0.0034
WRENN,5,"3,121",0.0034
WRENNA,5,"3,121",0.0034
WYLDER,5,"3,121",0.0034
WYNNE,5,"3,121",0.0034
WYNONNA,5,"3,121",0.0034
YAELLE,5,"3,121",0.0034
YASHVI,5,"3,121",0.0034
YASNA,5,"3,121",0.0034
YINUO,5,"3,121",0.0034
YOSRA,5,"3,121",0.0034
ZAHIRA,5,"3,121",0.0034
ZAMIRA,5,"3,121",0.0034
ZAMZAM,5,"3,121",0.0034
ZARIYA,5,"3,121",0.0034
ZEHRA,5,"3,121",0.0034
ZEMIRAH,5,"3,121",0.0034
ZENNA,5,"3,121",0.0034
ZEYNAB,5,"3,121",0.0034
ZIKORA,5,"3,121",0.0034
ZINEB,5,"3,121",0.0034
ZIVAH,5,"3,121",0.0034
ZUNAIRAH,5,"3,121",0.0034
ZURIEL,5,"3,121",0.0034
ZYLAH,5,"3,121",0.0034
,,,
,,,
,,,
,,,
,,,
,,,
,,,
,,,
,,,
,,,
,,,
,,,
,,,
,,,
,,,
,,,
,,,
,,,
,,,
,,,
,,,
,,,
,,,
,,,
,,,
,,,
,,,
,,,
,,,
,,,
,,,
,,,
,,,
,,,
,,,
,,,
,,,
,,,
,,,
,,,
,,,
,,,
,,,
,,,
,,,
,,,
,,,
,,,
,,,
,,,
,,,
,,,
,,,
,,,
,,,
,,,
,,,
,,,
,,,
,,,
,,,
,,,
,,,
,,,
,,,
,,,
,,,
,,,
,,,
,,,
,,,
,,,
,,,
,,,
,,,
,,,
,,,
,,,
,,,
,,,
,,,
,,,
,,,
,,,
,,,
,,,
,,,
,,,
,,,
,,,
,,,
,,,
,,,
,,,
,,,
,,,
,,,
,,,
,,,
,,,
,,,
,,,
,,,
,,,
,,,
,,,
,,,
,,,
,,,
,,,
,,,
,,,
,,,
,,,
,,,
,,,
,,,
,,,
,,,
,,,
,,,
,,,
,,,
,,,
,,,
,,,
,,,
,,,
,,,
,,,
,,,
,,,
,,,
,,,
,,,
,,,
,,,
,,,
,,,
,,,
,,,
,,,
,,,
,,,
,,,
,,,
,,,
,,,
,,,
,,,
,,,
,,,
,,,
,,,
,,,
,,,
,,,
,,,
,,,
,,,
,,,
,,,
,,,
,,,
,,,
,,,
,,,
,,,
,,,
,,,
,,,
,,,
,,,
,,,
,,,
,,,
,,,
,,,
,,,
,,,
,,,
,,,
,,,
,,,
,,,
,,,
,,,
,,,
,,,
,,,
,,,
,,,
,,,
,,,
,,,
,,,
,,,
,,,
,,,
,,,
,,,
,,,
,,,
,,,
,,,
,,,
,,,
,,,
,,,
,,,
,,,
,,,
,,,
,,,
,,,
,,,
,,,
,,,
,,,
,,,
,,,
,,,
,,,
,,,
,,,
,,,
,,,
,,,
,,,
,,,
,,,
,,,
,,,
,,,
,,,
,,,
,,,
,,,
,,,
,,,
,,,
,,,
,,,
,,,
,,,
,,,
,,,
,,,
,,,
,,,
,,,
,,,
,,,
,,,
,,,
,,,
,,,
,,,
,,,
,,,
,,,
,,,
,,,
,,,
,,,
,,,
,,,
,,,
,,,
,,,
,,,
,,,
,,,
,,,
,,,
,,,
,,,
,,,
,,,
,,,
,,,
,,,
,,,
,,,
,,,
,,,
,,,
,,,
,,,
,,,
,,,
,,,
,,,
,,,
,,,
,,,
,,,
,,,
,,,
,,,
,,,
,,,
,,,
,,,
,,,
,,,
,,,
,,,
,,,
,,,
,,,
,,,
,,,
,,,
,,,
,,,
,,,
,,,
,,,
,,,
,,,
,,,
,,,
,,,
,,,
,,,
,,,
,,,
,,,
,,,
,,,
,,,
,,,
,,,
,,,
,,,
,,,
,,,
,,,
,,,
,,,
,,,
,,,
,,,
,,,
,,,
,,,
,,,
,,,
,,,
,,,
,,,
,,,
,,,
,,,
,,,
,,,
,,,
,,,
,,,
,,,
,,,
,,,
,,,
,,,
,,,
,,,
,,,
,,,
,,,
,,,
,,,
,,,
,,,
,,,
,,,
,,,
,,,
,,,
,,,
,,,
,,,
,,,
,,,
,,,
,,,
,,,
,,,
,,,
,,,
,,,
,,,
,,,
,,,
,,,
,,,
,,,
,,,
,,,
,,,
,,,
,,,
,,,
,,,
,,,
,,,
,,,
,,,
,,,
,,,
,,,
,,,
,,,
,,,
,,,
,,,
,,,
,,,
,,,
,,,
,,,
,,,
,,,
,,,
,,,
,,,
,,,
,,,
,,,
,,,
,,,
,,,
,,,
,,,
,,,
,,,
,,,
,,,
,,,
,,,
,,,
,,,
,,,
,,,
,,,
,,,
,,,
,,,
,,,
,,,
,,,
,,,
,,,
,,,
,,,
,,,
,,,
,,,
,,,
,,,
,,,
,,,
,,,
,,,
,,,
,,,
,,,
,,,
,,,
,,,
,,,
,,,
,,,
,,,
,,,
,,,
,,,
,,,
,,,
,,,
,,,
,,,
,,,
,,,
,,,
,,,
,,,
,,,
,,,
,,,
,,,
,,,
,,,
,,,
,,,
,,,
,,,
,,,
,,,
,,,
,,,
,,,
,,,
,,,
,,,
,,,
,,,
,,,
,,,
,,,
,,,
,,,
,,,
,,,
,,,
,,,
,,,
,,,
,,,
,,,
,,,
,,,
,,,
,,,
,,,
,,,
,,,
,,,
,,,
,,,
,,,
,,,
,,,
,,,
,,,
,,,
,,,
,,,
,,,
,,,
,,,
,,,
,,,
,,,
,,,
,,,
,,,
,,,
,,,
,,,
,,,
,,,
,,,
,,,
,,,
,,,
,,,
,,,
,,,
,,,
,,,
,,,
,,,
,,,
,,,
,,,
,,,
,,,
,,,
,,,
,,,
,,,
,,,
,,,
,,,
,,,
,,,
,,,
,,,
,,,
,,,
,,,
,,,
,,,
,,,
,,,
,,,
,,,
,,,
,,,
,,,
,,,
,,,
,,,
,,,
,,,
,,,
,,,
,,,
,,,
,,,
,,,
,,,
,,,
,,,
,,,
,,,
,,,
,,,
,,,
,,,
,,,
,,,
,,,
,,,
,,,
,,,
,,,
,,,
,,,
,,,
,,,
,,,
,,,
,,,
,,,
,,,
,,,
,,,
,,,
,,,
,,,
,,,
,,,
,,,
,,,
,,,
,,,
,,,
,,,
,,,
,,,
,,,
,,,
,,,
,,,
,,,
,,,
,,,
,,,
,,,
,,,
,,,
,,,
,,,
,,,
,,,
,,,
,,,
,,,
,,,
,,,
,,,
,,,
,,,
,,,
,,,
,,,
,,,
,,,
,,,
,,,
,,,
,,,
,,,
,,,
,,,
,,,
,,,
,,,
,,,
,,,
,,,
,,,
,,,
,,,
,,,
,,,
,,,
,,,
,,,
,,,
,,,
,,,
,,,
,,,
,,,
,,,
,,,
,,,
,,,
,,,
,,,
,,,
,,,
,,,
,,,
,,,
,,,
,,,
,,,
,,,
,,,
,,,
,,,
,,,
,,,
,,,
,,,
,,,
,,,
,,,
,,,
,,,
,,,
,,,
,,,
,,,
,,,
,,,
,,,
,,,
,,,
,,,
,,,
,,,
,,,
,,,
,,,
,,,
,,,
,,,
,,,
,,,
,,,
,,,
,,,
,,,
,,,
,,,
,,,
,,,
,,,
,,,
,,,
,,,
,,,
,,,
,,,
,,,
,,,
,,,
,,,
,,,
,,,
,,,
,,,
,,,
,,,
,,,
,,,
,,,
,,,
,,,
,,,
,,,
,,,
,,,
,,,
,,,
,,,
,,,
,,,
,,,
,,,
,,,
,,,
,,,
,,,
,,,
,,,
,,,
,,,
,,,
,,,
,,,
,,,
,,,
,,,
,,,
,,,
,,,
,,,
,,,
,,,
,,,
,,,
,,,
,,,
,,,
,,,
,,,
,,,
,,,
,,,
,,,
,,,
,,,
,,,
,,,
,,,
,,,
,,,
,,,
,,,
,,,
,,,
,,,
,,,
,,,
,,,
,,,
,,,
,,,
,,,
,,,
,,,
,,,
,,,
,,,
,,,
,,,
,,,
,,,
,,,
,,,
,,,
,,,
,,,
,,,
,,,
,,,
,,,
,,,
,,,
,,,
,,,
,,,
,,,
,,,
,,,
,,,
,,,
,,,
,,,
,,,
,,,
,,,
,,,
,,,
,,,
,,,
,,,
,,,
,,,
,,,
,,,
,,,
,,,
,,,
,,,
,,,
,,,
,,,
,,,
,,,
,,,
,,,
,,,
,,,
,,,
,,,
,,,
,,,
,,,
,,,
,,,
,,,
,,,
,,,
,,,
,,,
,,,
,,,
,,,
,,,
,,,
,,,
,,,
,,,
,,,
,,,
,,,
,,,
,,,
,,,
,,,
,,,
,,,
,,,
,,,
,,,
,,,
,,,
,,,
,,,
,,,
,,,
,,,
,,,
,,,
,,,
,,,
,,,
,,,
,,,
,,,
,,,
,,,
,,,
,,,
,,,
,,,
,,,
,,,
,,,
,,,
,,,
,,,
,,,
,,,
,,,
,,,
,,,
,,,
,,,
,,,
,,,
,,,
,,,
,,,
,,,
,,,
,,,
,,,
,,,
,,,
,,,
,,,
,,,
,,,
,,,
,,,
,,,
,,,
,,,
,,,
,,,
,,,
,,,
,,,
,,,
,,,
,,,
,,,
,,,
,,,
,,,
,,,
,,,
,,,
,,,
,,,
,,,
,,,
,,,
,,,
,,,
,,,
,,,
,,,
,,,
,,,
,,,
,,,
,,,
,,,
,,,
,,,
,,,
,,,
,,,
,,,
,,,
,,,
,,,
,,,
,,,
,,,
,,,
,,,
,,,
,,,
,,,
,,,
,,,
,,,
,,,
,,,
,,,
,,,
,,,
,,,
,,,
,,,
,,,
,,,
,,,
,,,
,,,
,,,
,,,
,,,
,,,
,,,
,,,
,,,
,,,
,,,
,,,
,,,
,,,
,,,
,,,
,,,
,,,
,,,
,,,
,,,
,,,
,,,
,,,
,,,
,,,
,,,
,,,
,,,
,,,
,,,
,,,
,,,
,,,
,,,
,,,
,,,
,,,
,,,
,,,
,,,
,,,
,,,
,,,
,,,
,,,
,,,
,,,
,,,
,,,
,,,
,,,
,,,
,,,
,,,
,,,
,,,
,,,
,,,
,,,
,,,
,,,
,,,
,,,
,,,
,,,
,,,
,,,
,,,
,,,
,,,
,,,
,,,
,,,
,,,
,,,
,,,
,,,
,,,
,,,
,,,
,,,
,,,
,,,
,,,
,,,
,,,
,,,
,,,
,,,
,,,
,,,
,,,
,,,
,,,
,,,
,,,
,,,
,,,
,,,
,,,
,,,
,,,
,,,
,,,
,,,
,,,
,,,
,,,
,,,
,,,
,,,
,,,
,,,
,,,
,,,
,,,
,,,
,,,
,,,
,,,
,,,
,,,
,,,
,,,
,,,
,,,
,,,
,,,
,,,
,,,
,,,
,,,
,,,
,,,
,,,
,,,
,,,
,,,
,,,
,,,
,,,
,,,
,,,
,,,
,,,
,,,
,,,
,,,
,,,
,,,
,,,
,,,
,,,
,,,
,,,
,,,
,,,
,,,
,,,
,,,
,,,
,,,
,,,
,,,
,,,
,,,
,,,
,,,
,,,
,,,
,,,
,,,
,,,
,,,
,,,
,,,
,,,
,,,
,,,
,,,
,,,
,,,
,,,
,,,
,,,
,,,
,,,
,,,
,,,
,,,
,,,
,,,
,,,
,,,
,,,
,,,
,,,
,,,
,,,
,,,
,,,
,,,
,,,
,,,
,,,
,,,
,,,
,,,
,,,
,,,
,,,
,,,
,,,
,,,
,,,
,,,
,,,
,,,
,,,
,,,
,,,
,,,
,,,
,,,
,,,
,,,
,,,
,,,
,,,
,,,
,,,
,,,
,,,
,,,
,,,
,,,
,,,
,,,
,,,
,,,
,,,
,,,
,,,
,,,
,,,
,,,
,,,
,,,
,,,
,,,
,,,
,,,
,,,
,,,
,,,
,,,
,,,
,,,
,,,
,,,
,,,
,,,
,,,
,,,
,,,
,,,
,,,
,,,
,,,
,,,
,,,
,,,
,,,
,,,
,,,
,,,
,,,
,,,
,,,
,,,
,,,
,,,
,,,
,,,
,,,
,,,
,,,
,,,
,,,
,,,
,,,
,,,
,,,
,,,
,,,
,,,
,,,
,,,
,,,
,,,
,,,
,,,
,,,
,,,
,,,
,,,
,,,
,,,
,,,
,,,
,,,
,,,
,,,
,,,
,,,
,,,
,,,
,,,
,,,
,,,
,,,
,,,
,,,
,,,
,,,
,,,
,,,
,,,
,,,
,,,
,,,
,,,
,,,
,,,
,,,
,,,
,,,
,,,
,,,
,,,
,,,
,,,
,,,
,,,
,,,
,,,
,,,
,,,
,,,
,,,
,,,
,,,
,,,
,,,
,,,
,,,
,,,
,,,
,,,
,,,
,,,
,,,
,,,
,,,
,,,
,,,
,,,
,,,
,,,
,,,
,,,
,,,
,,,
,,,
,,,
,,,
,,,
,,,
,,,
,,,
,,,
,,,
,,,
,,,
,,,
,,,
,,,
,,,
,,,
,,,
,,,
,,,
,,,
,,,
,,,
,,,
,,,
,,,
,,,
,,,
,,,
,,,
,,,
,,,
,,,
,,,
,,,
,,,
,,,
,,,
,,,
,,,
,,,
,,,
,,,
,,,
,,,
,,,
,,,
,,,
,,,
,,,
,,,
,,,
,,,
,,,
,,,
,,,
,,,
,,,
,,,
,,,
,,,
,,,
,,,
,,,
,,,
,,,
,,,
,,,
,,,
,,,
,,,
,,,
,,,
,,,
,,,
,,,
,,,
,,,
,,,
,,,
,,,
,,,
,,,
,,,
,,,
,,,
,,,
,,,
,,,
,,,
,,,
,,,
,,,
,,,
,,,
,,,
,,,
,,,
,,,
,,,
,,,
,,,
,,,
,,,
,,,
,,,
,,,
,,,
,,,
,,,
,,,
,,,
,,,
,,,
,,,
,,,
,,,
,,,
,,,
,,,
,,,
,,,
,,,
,,,
,,,
,,,
,,,
,,,
,,,
,,,
,,,
,,,
,,,
,,,
,,,
,,,
,,,
,,,
,,,
,,,
,,,
,,,
,,,
,,,
,,,
,,,
,,,
,,,
,,,
,,,
,,,
,,,
,,,
,,,
,,,
,,,
,,,
,,,
,,,
,,,
,,,
,,,
,,,
,,,
,,,
,,,
,,,
,,,
,,,
,,,
,,,
,,,
,,,
,,,
,,,
,,,
,,,
,,,
,,,
,,,
,,,
,,,
,,,
,,,
,,,
,,,
,,,
,,,
,,,
,,,
,,,
,,,
,,,
,,,
,,,
,,,
,,,
,,,
,,,
,,,
,,,
,,,
,,,
,,,
,,,
,,,
,,,
,,,
,,,
,,,
,,,
,,,
,,,
,,,
,,,
,,,
,,,
,,,
,,,
,,,
,,,
,,,
,,,
,,,
,,,
,,,
,,,
,,,
,,,
,,,
,,,
,,,
,,,
,,,
,,,
,,,
,,,
,,,
,,,
,,,
,,,
,,,
,,,
,,,
,,,
,,,
,,,
,,,
,,,
,,,
,,,
,,,
,,,
,,,
,,,
,,,
,,,
,,,
,,,
,,,
,,,
,,,
,,,
,,,
,,,
,,,
,,,
,,,
,,,
,,,
,,,
,,,
,,,
,,,
,,,
,,,
,,,
,,,
,,,
,,,
,,,
,,,
,,,
,,,
,,,
,,,
,,,
,,,
,,,
,,,
,,,
,,,
,,,
,,,
,,,
,,,
,,,
,,,
,,,
,,,
,,,
,,,
,,,
,,,
,,,
,,,
,,,
,,,
,,,
,,,
,,,
,,,
,,,
,,,
,,,
,,,
,,,
,,,
,,,
,,,
,,,
,,,
,,,
,,,
,,,
,,,
,,,
,,,
,,,
,,,
,,,
,,,
,,,
,,,
,,,
,,,
,,,
,,,
,,,
,,,
,,,
,,,
,,,
,,,
,,,
,,,
,,,
,,,
,,,
,,,
,,,
,,,
,,,
,,,
,,,
,,,
,,,
,,,
,,,
,,,
,,,
,,,
,,,
,,,
,,,
,,,
,,,
,,,
,,,
,,,
,,,
,,,
,,,
,,,
,,,
,,,
,,,
,,,
,,,
,,,
,,,
,,,
,,,
,,,
,,,
,,,
,,,
,,,
,,,
,,,
,,,
,,,
,,,
,,,
,,,
,,,
,,,
,,,
,,,
,,,
,,,
,,,
,,,
,,,
,,,
,,,
,,,
,,,
,,,
,,,
,,,
,,,
,,,
,,,
,,,
,,,
,,,
,,,
,,,
,,,
,,,
,,,
,,,
,,,
,,,
,,,
,,,
,,,
,,,
,,,
,,,
,,,
,,,
,,,
,,,
,,,
,,,
,,,
,,,
,,,
,,,
,,,
,,,
,,,
,,,
,,,
,,,
,,,
,,,
,,,
,,,
,,,
,,,
,,,
,,,
,,,
,,,
,,,
,,,
,,,
,,,
,,,
,,,
,,,
,,,
,,,
,,,
,,,
,,,
,,,
,,,
,,,
,,,
,,,
,,,
,,,
,,,
,,,
,,,
,,,
,,,
,,,
,,,
,,,
,,,
,,,
,,,
,,,
,,,
,,,
,,,
,,,
,,,
,,,
,,,
,,,
,,,
,,,
,,,
,,,
,,,
,,,
,,,
,,,
,,,
,,,
,,,
,,,
,,,
,,,
,,,
,,,
,,,
,,,
,,,
,,,
,,,
,,,
,,,
,,,
,,,
,,,
,,,
,,,
,,,
,,,
,,,
,,,
,,,
,,,
,,,
,,,
,,,
,,,
,,,
,,,
,,,
,,,
,,,
,,,
,,,
,,,
,,,
,,,
,,,
,,,
,,,
,,,
,,,
,,,
,,,
,,,
,,,
,,,
,,,
,,,
,,,
,,,
,,,
,,,
,,,
,,,
,,,
,,,
,,,
,,,
,,,
,,,
,,,
,,,
,,,
,,,
,,,
,,,
,,,
,,,
,,,
,,,
,,,
,,,
,,,
,,,
,,,
,,,
,,,
,,,
,,,
,,,
,,,
,,,
,,,
,,,
,,,
,,,
,,,
,,,
,,,
,,,
,,,
,,,
,,,
,,,
,,,
,,,
,,,
,,,
,,,
,,,
,,,
,,,
,,,
,,,
,,,
,,,
,,,
,,,
,,,
,,,
,,,
,,,
,,,
,,,
,,,
,,,
,,,
,,,
,,,
,,,
,,,
,,,
,,,
,,,
,,,
,,,
,,,
,,,
,,,
,,,
,,,
,,,
,,,
,,,
,,,
,,,
,,,
,,,
,,,
,,,
,,,
,,,
,,,
,,,
,,,
,,,
,,,
,,,
,,,
,,,
,,,
,,,
,,,
,,,
,,,
,,,
,,,
,,,
,,,
,,,
,,,
,,,
,,,
,,,
,,,
,,,
,,,
,,,
,,,
,,,
,,,
,,,
,,,
,,,
,,,
,,,
,,,
,,,
,,,
,,,
,,,
,,,
,,,
,,,
,,,
,,,
,,,
,,,
,,,
,,,
,,,
,,,
,,,
,,,
,,,
,,,
,,,
,,,
,,,
,,,
,,,
,,,
,,,
,,,
,,,
,,,
,,,
,,,
,,,
,,,
,,,
,,,
,,,
,,,
,,,
,,,
,,,
,,,
,,,
,,,
,,,
,,,
,,,
,,,
,,,
,,,
,,,
,,,
,,,
,,,
,,,
,,,
,,,
,,,
,,,
,,,
,,,
,,,
,,,
,,,
,,,
,,,
,,,
,,,
,,,
,,,
,,,
,,,
,,,
,,,
,,,
,,,
,,,
,,,
,,,
,,,
,,,
,,,
,,,
,,,
,,,
,,,
,,,
,,,
,,,
,,,
,,,
,,,
,,,
,,,
,,,
,,,
,,,
,,,
,,,
,,,
,,,
,,,
,,,
,,,
,,,
,,,
,,,
,,,
,,,
,,,
,,,
,,,
,,,
,,,
,,,
,,,
,,,
,,,
,,,
,,,
,,,
,,,
,,,
,,,
,,,
,,,
,,,
,,,
,,,
,,,
,,,
,,,
,,,
,,,
,,,
,,,
,,,
,,,
,,,
,,,
,,,
,,,
,,,
,,,
,,,
,,,
,,,
,,,
,,,
,,,
,,,
,,,
,,,
,,,
,,,
,,,
,,,
,,,
,,,
,,,
,,,
,,,
,,,
,,,
,,,
,,,
,,,
,,,
,,,
,,,
,,,
,,,
,,,
,,,
,,,
,,,
,,,
,,,
,,,
,,,
,,,
,,,
,,,
,,,
,,,
,,,
,,,
,,,
,,,
,,,
,,,
,,,
,,,
,,,
,,,
,,,
,,,
,,,
,,,
,,,
,,,
,,,
,,,
,,,
,,,
,,,
,,,
,,,
,,,
,,,
,,,
,,,
,,,
,,,
,,,
,,,
,,,
,,,
,,,
,,,
,,,
,,,
,,,
,,,
,,,
,,,
,,,
,,,
,,,
,,,
,,,
,,,
,,,
,,,
,,,
,,,
,,,
,,,
,,,
,,,
,,,
,,,
,,,
,,,
,,,
,,,
,,,
,,,
,,,
,,,
,,,
,,,
,,,
,,,
,,,
,,,
,,,
,,,
,,,
,,,
,,,
,,,
,,,
,,,
,,,
,,,
,,,
,,,
,,,
,,,
,,,
,,,
,,,
,,,
,,,
,,,
,,,
,,,
,,,
,,,
,,,
,,,
,,,
,,,
,,,
,,,
,,,
,,,
,,,
,,,
,,,
,,,
,,,
,,,
,,,
,,,
,,,
,,,
,,,
,,,
,,,
,,,
,,,
,,,
,,,
,,,
,,,
,,,
,,,
,,,
,,,
,,,
,,,
,,,
,,,
,,,
,,,
,,,
,,,
,,,
,,,
,,,
,,,
,,,
,,,
,,,
,,,
,,,
,,,
,,,
,,,
,,,
,,,
,,,
,,,
,,,
,,,
,,,
,,,
,,,
,,,
,,,
,,,
,,,
,,,
,,,
,,,
,,,
,,,
,,,
,,,
,,,
,,,
,,,
,,,
,,,
,,,
,,,
,,,
,,,
,,,
,,,
,,,
,,,
,,,
,,,
,,,
,,,
,,,
,,,
,,,
,,,
,,,
,,,
,,,
,,,
,,,
,,,
,,,
,,,
,,,
,,,
,,,
,,,
,,,
,,,
,,,
,,,
,,,
,,,
,,,
,,,
,,,
,,,
,,,
,,,
,,,
,,,
,,,
,,,
,,,
,,,
,,,
,,,
,,,
,,,
,,,
,,,
,,,
,,,
,,,
,,,
,,,
,,,
,,,
,,,
,,,
,,,
,,,
,,,
,,,
,,,
,,,
,,,
,,,
,,,
,,,
,,,
,,,
,,,
,,,
,,,
,,,
,,,
,,,
,,,
,,,
,,,
,,,
,,,
,,,
,,,
,,,
,,,
,,,
,,,
,,,
,,,
,,,
,,,
,,,
,,,
,,,
,,,
,,,
,,,
,,,
,,,
,,,
,,,
,,,
,,,
,,,
,,,
,,,
,,,
,,,
,,,
,,,
,,,
,,,
,,,
,,,
,,,
,,,
,,,
,,,
,,,
,,,
,,,
,,,
,,,
,,,
,,,
,,,
,,,
,,,
,,,
,,,
,,,
,,,
,,,
,,,
,,,
,,,
,,,
,,,
,,,
,,,
,,,
,,,
,,,
,,,
,,,
,,,
,,,
,,,
,,,
,,,
,,,
,,,
,,,
,,,
,,,
,,,
,,,
,,,
,,,
,,,
,,,
,,,
,,,
,,,
,,,
,,,
,,,
,,,
,,,
,,,
,,,
,,,
,,,
,,,
,,,
,,,
,,,
,,,
,,,
,,,
,,,
,,,
,,,
,,,
,,,
,,,
,,,
,,,
,,,
,,,
,,,
,,,
,,,
,,,
,,,
,,,
,,,
,,,
,,,
,,,
,,,
,,,
,,,
,,,
,,,
,,,
,,,
,,,
,,,
,,,
,,,
,,,
,,,
,,,
,,,
,,,
,,,
,,,
,,,
,,,
,,,
,,,
,,,
,,,
,,,
,,,
,,,
,,,
,,,
,,,
,,,
,,,
,,,
,,,
,,,
,,,
,,,
,,,
,,,
,,,
,,,
,,,
,,,
,,,
,,,
,,,
,,,
,,,
,,,
,,,
,,,
,,,
,,,
,,,
,,,
,,,
,,,
,,,
,,,
,,,
,,,
,,,
,,,
,,,
,,,
,,,
,,,
,,,
,,,
,,,
,,,
,,,
,,,
,,,
,,,
,,,
,,,
,,,
,,,
,,,
,,,
,,,
,,,
,,,
,,,
,,,
,,,
,,,
,,,
,,,
,,,
,,,
,,,
,,,
,,,
,,,
,,,
,,,
,,,
,,,
,,,
,,,
,,,
,,,
,,,
,,,
,,,
,,,
,,,
,,,
,,,
,,,
,,,
,,,
,,,
,,,
,,,
,,,
,,,
,,,
,,,
,,,
,,,
,,,
,,,
,,,
,,,
,,,
,,,
,,,
,,,
,,,
,,,
,,,
,,,
,,,
,,,
,,,
,,,
,,,
,,,
,,,
,,,
,,,
,,,
,,,
,,,
,,,
,,,
,,,
,,,
,,,
,,,
,,,
,,,
,,,
,,,
,,,
,,,
,,,
,,,
,,,
,,,
,,,
,,,
,,,
,,,
,,,
,,,
,,,
,,,
,,,
,,,
,,,
,,,
,,,
,,,
,,,
,,,
,,,
,,,
,,,
,,,
,,,
,,,
,,,
,,,
,,,
,,,
,,,
,,,
,,,
,,,
,,,
,,,
,,,
,,,
,,,
,,,
,,,
,,,
,,,
,,,
,,,
,,,
,,,
,,,
,,,
,,,
,,,
,,,
,,,
,,,
,,,
,,,
,,,
,,,
,,,
,,,
,,,
,,,
,,,
,,,
,,,
,,,
,,,
,,,
,,,
,,,
,,,
,,,
,,,
,,,
,,,
,,,
,,,
,,,
,,,
,,,
,,,
,,,
,,,
,,,
,,,
,,,
,,,
,,,
,,,
,,,
,,,
,,,
,,,
,,,
,,,
,,,
,,,
,,,
,,,
,,,
,,,
,,,
,,,
,,,
,,,
,,,
,,,
,,,
,,,
,,,
,,,
,,,
,,,
,,,
,,,
,,,
,,,
,,,
,,,
,,,
,,,
,,,
,,,
,,,
,,,
,,,
,,,
,,,
,,,
,,,
,,,
,,,
,,,
,,,
,,,
,,,
,,,
,,,
,,,
,,,
,,,
,,,
,,,
,,,
,,,
,,,
,,,
,,,
,,,
,,,
,,,
,,,
,,,
,,,
,,,
,,,
,,,
,,,
,,,
,,,
,,,
,,,
,,,
,,,
,,,
,,,
,,,
,,,
,,,
,,,
,,,
,,,
,,,
,,,
,,,
,,,
,,,
,,,
,,,
,,,
,,,
,,,
,,,
,,,
,,,
,,,
,,,
,,,
,,,
,,,
,,,
,,,
,,,
,,,
,,,
,,,
,,,
,,,
,,,
,,,
,,,
,,,
,,,
,,,
,,,
,,,
,,,
,,,
,,,
,,,
,,,
,,,
,,,
,,,
,,,
,,,
,,,
,,,
,,,
,,,
,,,
,,,
,,,
,,,
,,,
,,,
,,,
,,,
,,,
,,,
,,,
,,,
,,,
,,,
,,,
,,,
,,,
,,,
,,,
,,,
,,,
,,,
,,,
,,,
,,,
,,,
,,,
,,,
,,,
,,,
,,,
,,,
,,,
,,,
,,,
,,,
,,,
,,,
,,,
,,,
,,,
,,,
,,,
,,,
,,,
,,,
,,,
,,,
,,,
,,,
,,,
,,,
,,,
,,,
,,,
,,,
,,,
,,,
,,,
,,,
,,,
,,,
,,,
,,,
,,,
,,,
,,,
,,,
,,,
,,,
,,,
,,,
,,,
,,,
,,,
,,,
,,,
,,,
,,,
,,,
,,,
,,,
,,,
,,,
,,,
,,,
,,,
,,,
,,,
,,,
,,,
,,,
,,,
,,,
,,,
,,,
,,,
,,,
,,,
,,,
,,,
,,,
,,,
,,,
,,,
,,,
,,,
,,,
,,,
,,,
,,,
,,,
,,,
,,,
,,,
,,,
,,,
,,,
,,,
,,,
,,,
,,,
,,,
,,,
,,,
,,,
,,,
,,,
,,,
,,,
,,,
,,,
,,,
,,,
,,,
,,,
,,,
,,,
,,,
,,,
,,,
,,,
,,,
,,,
,,,
,,,
,,,
,,,
,,,
,,,
,,,
,,,
,,,
,,,
,,,
,,,
,,,
,,,
,,,
,,,
,,,
,,,
,,,
,,,
,,,
,,,
,,,
,,,
,,,
,,,
,,,
,,,
,,,
,,,
,,,
,,,
,,,
,,,
,,,
,,,
,,,
,,,
,,,
,,,
,,,
,,,
,,,
,,,
,,,
,,,
,,,
,,,
,,,
,,,
,,,
,,,
,,,
,,,
,,,
,,,
,,,
,,,
,,,
,,,
,,,
,,,
,,,
,,,
,,,
,,,
,,,
,,,
,,,
,,,
,,,
,,,
,,,
,,,
,,,
,,,
,,,
,,,
,,,
,,,
,,,
,,,
,,,
,,,
,,,
,,,
,,,
,,,
,,,
,,,
,,,
,,,
,,,
,,,
,,,
,,,
,,,
,,,
,,,
,,,
,,,
,,,
,,,
,,,
,,,
,,,
,,,
,,,
,,,
,,,
,,,
,,,
,,,
,,,
,,,
,,,
,,,
,,,
,,,
,,,
,,,
,,,
,,,
,,,
,,,
,,,
,,,
,,,
,,,
,,,
,,,
,,,
,,,
,,,
,,,
,,,
,,,
,,,
,,,
,,,
,,,
,,,
,,,
,,,
,,,
,,,
,,,
,,,
,,,
,,,
,,,
,,,
,,,
,,,
,,,
,,,
,,,
,,,
,,,
,,,
,,,
,,,
,,,
,,,
,,,
,,,
,,,
,,,
,,,
,,,
,,,
,,,
,,,
,,,
,,,
,,,
,,,
,,,
,,,
,,,
,,,
,,,
,,,
,,,
,,,
,,,
,,,
,,,
,,,
,,,
,,,
,,,
,,,
,,,
,,,
,,,
,,,
,,,
,,,
,,,
,,,
,,,
,,,
,,,
,,,
,,,
,,,
,,,
,,,
,,,
,,,
,,,
,,,
,,,
,,,
,,,
,,,
