NOAH,"2,393",1,1.4803
LIAM,"1,967",2,1.2168
WILLIAM,"1,684",3,1.0417
LEO,"1,559",4,0.9644
BENJAMIN,"1,433",5,0.8865
THEODORE,"1,425",6,0.8815
JACK,"1,365",7,0.8444
THOMAS,"1,318",8,0.8153
LOGAN,"1,314",9,0.8129
OLIVER,"1,310",10,0.8104
JACOB,"1,293",11,0.7999
LUCAS,"1,241",12,0.7677
JAMES,"1,221",13,0.7553
NATHAN,"1,199",14,0.7417
ETHAN,"1,145",15,0.7083
JACKSON,"1,065",16,0.6588
OWEN,987,17,0.6106
ADAM,978,18,0.605
HENRY,957,19,0.592
FELIX,918,20,0.5679
LEVI,905,21,0.5598
GABRIEL,903,22,0.5586
THEO,877,23,0.5425
ARTHUR,847,24,0.524
CHARLES,844,25,0.5221
SAMUEL,801,26,0.4955
HUDSON,761,27,0.4708
ALEXANDER,742,28,0.459
MASON,711,29,0.4398
JAYDEN,706,30,0.4367
LUCA,691,31,0.4275
DANIEL,689,32,0.4262
LINCOLN,682,33,0.4219
ISAAC,668,34,0.4132
CALEB,661,35,0.4089
NOLAN,652,36,0.4033
ELIJAH,651,37,0.4027
ELLIOT,631,38,0.3903
LOUIS,626,39,0.3872
AIDEN,623,40,0.3854
MAVERICK,610,41,0.3774
WYATT,576,42,0.3563
CARTER,570,43,0.3526
RYAN,568,44,0.3514
GRAYSON,558,45,0.3452
RAPHAEL,539,46,0.3334
ELI,536,47,0.3316
MUHAMMAD,531,48,0.3285
JAXON,526,49,0.3254
BENNETT,525,50,0.3248
AUSTIN,515,51,0.3186
EVAN,515,51,0.3186
DAVID,512,53,0.3167
ASHER,508,54,0.3143
EDOUARD,505,55,0.3124
MILES,500,56,0.3093
EZRA,498,57,0.3081
ZACHARY,495,58,0.3062
MICHAEL,491,59,0.3037
EMILE,484,60,0.2994
LUKE,482,61,0.2982
JOSEPH,473,62,0.2926
HUNTER,471,63,0.2914
WESLEY,462,64,0.2858
MATEO,460,65,0.2846
EMMETT,456,66,0.2821
XAVIER,456,66,0.2821
VICTOR,455,68,0.2815
AXEL,452,69,0.2796
KAI,450,70,0.2784
CHARLIE,449,71,0.2778
MATTEO,449,71,0.2778
MATTHEW,448,73,0.2771
HAYDEN,433,74,0.2679
BEAU,421,75,0.2604
JOSHUA,418,76,0.2586
JOHN,409,77,0.253
JASPER,403,78,0.2493
ELIAS,399,79,0.2468
SEBASTIAN,395,80,0.2444
MAX,393,81,0.2431
JAKE,385,82,0.2382
MYLES,383,83,0.2369
MILAN,381,84,0.2357
CONNOR,373,85,0.2307
JORDAN,373,85,0.2307
ROWAN,370,87,0.2289
BROOKS,367,88,0.227
ARNAUD,366,89,0.2264
DYLAN,366,89,0.2264
HENRI,357,91,0.2208
EVERETT,355,92,0.2196
ANTHONY,351,93,0.2171
ALEXIS,347,94,0.2147
PARKER,345,95,0.2134
OLIVIER,343,96,0.2122
JAXSON,342,97,0.2116
ISAIAH,341,98,0.2109
DECLAN,337,99,0.2085
LUKA,337,99,0.2085
ANDREW,336,101,0.2079
NICHOLAS,328,102,0.2029
KAYDEN,327,103,0.2023
AARON,322,104,0.1992
MILO,322,104,0.1992
JULES,318,106,0.1967
TRISTAN,318,106,0.1967
GEORGE,315,108,0.1949
NATHANIEL,314,109,0.1942
HARRISON,310,110,0.1918
COOPER,308,111,0.1905
ADRIAN,307,112,0.1899
CAMERON,307,112,0.1899
COLTON,307,112,0.1899
WESTON,306,115,0.1893
DOMINIC,305,116,0.1887
LAURENT,292,117,0.1806
LEON,291,118,0.18
JULIAN,289,119,0.1788
ZAYN,287,120,0.1775
BLAKE,285,121,0.1763
MARCUS,285,121,0.1763
ZACK,285,121,0.1763
LANDON,283,124,0.1751
ALI,280,125,0.1732
ROMAN,278,126,0.172
TYLER,275,127,0.1701
RIVER,269,128,0.1664
SAWYER,269,128,0.1664
ANTOINE,268,130,0.1658
EASTON,268,130,0.1658
NASH,268,130,0.1658
ENZO,264,133,0.1633
DAWSON,257,134,0.159
EZEKIEL,256,135,0.1584
JACE,254,136,0.1571
OSCAR,252,137,0.1559
ARCHER,251,138,0.1553
RYKER,250,139,0.1547
FINN,249,140,0.154
MAXWELL,248,141,0.1534
GREYSON,247,142,0.1528
SIMON,247,142,0.1528
ELLIOTT,246,144,0.1522
SILAS,246,144,0.1522
VINCENT,246,144,0.1522
COLE,244,147,0.1509
IBRAHIM,242,148,0.1497
ARLO,241,149,0.1491
RILEY,241,149,0.1491
JUDE,238,151,0.1472
WALKER,238,151,0.1472
ELOI,234,153,0.1448
MATHEO,233,154,0.1441
AYDEN,232,155,0.1435
MALCOLM,232,155,0.1435
MALIK,232,155,0.1435
JONATHAN,231,158,0.1429
AVERY,230,159,0.1423
OMAR,229,160,0.1417
ATLAS,228,161,0.141
LEONARDO,225,162,0.1392
LOIC,220,163,0.1361
GAVIN,217,164,0.1342
BRODY,213,165,0.1318
NICOLAS,213,165,0.1318
FINLEY,212,167,0.1311
LEONARD,212,167,0.1311
JASON,211,169,0.1305
MATHIS,210,170,0.1299
LUKAS,209,171,0.1293
COHEN,208,172,0.1287
CALLUM,207,173,0.1281
JONAH,207,173,0.1281
BOWEN,206,175,0.1274
EDWARD,205,176,0.1268
RAFAEL,204,177,0.1262
JOSIAH,202,178,0.125
MICAH,202,178,0.125
CHRISTIAN,201,180,0.1243
CHRISTOPHER,201,180,0.1243
CARSON,200,182,0.1237
RHETT,197,183,0.1219
AUGUST,196,184,0.1212
JUSTIN,196,184,0.1212
HUBERT,195,186,0.1206
RYDER,194,187,0.12
ASHTON,190,188,0.1175
JAX,190,188,0.1175
JAMESON,188,190,0.1163
RORY,187,191,0.1157
LORENZO,186,192,0.1151
IAN,185,193,0.1144
RAYAN,185,193,0.1144
BENTLEY,184,195,0.1138
EMERSON,184,195,0.1138
MAYSON,184,195,0.1138
ZION,182,198,0.1126
HUGO,181,199,0.112
ALEX,180,200,0.1113
MOHAMED,178,201,0.1101
SAM,178,201,0.1101
REMY,177,203,0.1095
TYSON,177,203,0.1095
JAYCE,175,205,0.1083
PAUL,175,205,0.1083
KIAN,174,207,0.1076
BRYSON,173,208,0.107
AMIR,171,209,0.1058
ROBERT,170,210,0.1052
NICO,168,211,0.1039
LENNOX,166,212,0.1027
PETER,165,213,0.1021
KYLE,162,214,0.1002
ERIC,160,215,0.099
KAIDEN,159,216,0.0984
YUSUF,156,217,0.0965
CHASE,155,218,0.0959
AARAV,154,219,0.0953
BODHI,153,220,0.0946
CASEY,153,220,0.0946
PATRICK,153,220,0.0946
ALBERT,151,223,0.0934
DAMIEN,151,223,0.0934
AIDAN,150,225,0.0928
LACHLAN,150,225,0.0928
MADDOX,150,225,0.0928
ABEL,149,228,0.0922
BRAYDEN,149,228,0.0922
DEAN,148,230,0.0916
ELIOT,148,230,0.0916
HAYES,148,230,0.0916
LOUKA,148,230,0.0916
AHMED,147,234,0.0909
AYAAN,146,235,0.0903
ROMEO,146,235,0.0903
BECKETT,145,237,0.0897
DAMIAN,145,237,0.0897
JESSE,145,237,0.0897
MOHAMMAD,145,237,0.0897
WAYLON,144,241,0.0891
KABIR,143,242,0.0885
REMI,143,242,0.0885
SULLIVAN,141,244,0.0872
ELIOTT,137,245,0.0847
KALEB,137,245,0.0847
ZANE,137,245,0.0847
ADRIEN,136,248,0.0841
REID,136,248,0.0841
CALVIN,135,250,0.0835
TIMOTHY,135,250,0.0835
JEREMIAH,133,252,0.0823
LUDOVIC,133,252,0.0823
WALTER,133,252,0.0823
CLEMENT,132,255,0.0817
JEREMY,132,255,0.0817
LEWIS,132,255,0.0817
MAXIMUS,131,258,0.081
JAMIE,130,259,0.0804
KEVIN,130,259,0.0804
IVAN,129,261,0.0798
MARK,129,261,0.0798
ROBIN,129,261,0.0798
KINGSTON,128,264,0.0792
SPENCER,128,264,0.0792
TOBIAS,128,264,0.0792
EMMANUEL,127,267,0.0786
GRIFFIN,127,267,0.0786
HARVEY,127,267,0.0786
DAXTON,126,270,0.0779
JULIEN,126,270,0.0779
HENDRIX,125,272,0.0773
TUCKER,125,272,0.0773
ALEXANDRE,124,274,0.0767
MUSA,124,274,0.0767
ODIN,124,274,0.0767
DANTE,123,277,0.0761
HAMZA,123,277,0.0761
ZACKARY,123,277,0.0761
ZAYDEN,123,277,0.0761
FREDERICK,122,281,0.0755
KIAAN,122,281,0.0755
LIONEL,122,281,0.0755
RYLAN,122,281,0.0755
JAD,121,285,0.0749
MARTIN,121,285,0.0749
PHILIPPE,120,287,0.0742
QUINN,120,287,0.0742
ZAIN,117,289,0.0724
BRAXTON,116,290,0.0718
DAX,116,290,0.0718
JOEL,116,290,0.0718
RONAN,116,290,0.0718
XANDER,115,294,0.0711
KADE,114,295,0.0705
OAKLEY,114,295,0.0705
RHYS,114,295,0.0705
CLARK,113,298,0.0699
PHOENIX,113,298,0.0699
ACE,112,300,0.0693
ARJUN,112,300,0.0693
ATTICUS,112,300,0.0693
COLIN,112,300,0.0693
HOLDEN,112,300,0.0693
BARRETT,111,305,0.0687
EDEN,111,305,0.0687
FINNLEY,110,307,0.068
MAEL,110,307,0.068
MALACHI,110,307,0.068
CRUZ,109,310,0.0674
LYAM,109,310,0.0674
CADEN,108,312,0.0668
KIERAN,108,312,0.0668
TOM,108,312,0.0668
COLT,107,315,0.0662
MATHIAS,107,315,0.0662
MOHAMMED,107,315,0.0662
TATE,107,315,0.0662
NIXON,106,319,0.0656
KANE,105,320,0.065
BEN,104,321,0.0643
SETH,104,321,0.0643
TRAVIS,104,321,0.0643
ANTONIO,103,324,0.0637
BRYCE,102,325,0.0631
ELLIS,102,325,0.0631
JADEN,102,325,0.0631
WINSTON,102,325,0.0631
GURBAAZ,101,329,0.0625
SANTIAGO,101,329,0.0625
AHMAD,100,331,0.0619
ARJAN,100,331,0.0619
JETT,100,331,0.0619
TOMMY,100,331,0.0619
ARI,99,335,0.0612
ZORAWAR,99,335,0.0612
PHILIP,98,337,0.0606
ANDRE,97,338,0.06
BRYAN,97,338,0.06
PRESTON,97,338,0.06
CODY,96,341,0.0594
KADEN,96,341,0.0594
KNOX,95,343,0.0588
LOCHLAN,95,343,0.0588
JAKOB,94,345,0.0581
ARMAAN,93,346,0.0575
MARCO,93,346,0.0575
ARCHIE,92,348,0.0569
BRADY,92,348,0.0569
NIKO,92,348,0.0569
ZANDER,91,351,0.0563
KYRIE,89,352,0.0551
MIGUEL,89,352,0.0551
SYED,89,352,0.0551
ARYAN,88,355,0.0544
IDRIS,88,355,0.0544
MALAKAI,88,355,0.0544
MILLER,88,355,0.0544
MUSTAFA,88,355,0.0544
NATE,88,355,0.0544
LOU,87,361,0.0538
JUDAH,86,362,0.0532
MAXENCE,86,362,0.0532
AMARI,84,364,0.052
BECKHAM,84,364,0.052
REMINGTON,84,364,0.052
HUXLEY,83,367,0.0513
JOEY,83,367,0.0513
BO,82,369,0.0507
DEREK,82,369,0.0507
EMILIO,82,369,0.0507
HASSAN,82,369,0.0507
CEDRIC,81,373,0.0501
JENSEN,81,373,0.0501
BRANDON,80,375,0.0495
MIKAEL,80,375,0.0495
RICHARD,80,375,0.0495
STERLING,80,375,0.0495
ABDULLAH,79,379,0.0489
FATEH,79,379,0.0489
JAY,79,379,0.0489
YOUSSEF,79,379,0.0489
ANDY,78,383,0.0483
AUGUSTE,78,383,0.0483
DAMON,78,383,0.0483
FINNEGAN,78,383,0.0483
ZAYD,78,383,0.0483
ABRAHAM,77,388,0.0476
BRUCE,77,388,0.0476
CAMDEN,77,388,0.0476
KAYSON,77,388,0.0476
DEACON,76,392,0.047
HUGH,76,392,0.047
CAYDEN,75,394,0.0464
FLORENT,75,394,0.0464
IVAAN,75,394,0.0464
KYLER,75,394,0.0464
LENNON,75,394,0.0464
TANNER,75,394,0.0464
AGAM,74,400,0.0458
CLAYTON,74,400,0.0458
NEIL,74,400,0.0458
ROY,74,400,0.0458
BRADLEY,73,404,0.0452
FRANCIS,73,404,0.0452
ZAYNE,73,404,0.0452
ALEC,72,407,0.0445
AYAN,72,407,0.0445
BENSON,72,407,0.0445
DALLAS,72,407,0.0445
HARRY,72,407,0.0445
LEANDRE,72,407,0.0445
RAIDEN,72,407,0.0445
ANDERSON,71,414,0.0439
ANGAD,71,414,0.0439
GORDON,71,414,0.0439
RUSSELL,71,414,0.0439
BILLY,70,418,0.0433
ELIO,70,418,0.0433
KAIRO,70,418,0.0433
LOUIE,70,418,0.0433
THIAGO,70,418,0.0433
WILDER,70,418,0.0433
YUVRAJ,70,418,0.0433
DESMOND,69,425,0.0427
FORREST,69,425,0.0427
KINGSLEY,69,425,0.0427
MATIAS,69,425,0.0427
OTIS,69,425,0.0427
CREW,68,430,0.0421
ETIENNE,68,430,0.0421
MAXIME,68,430,0.0421
RONIN,68,430,0.0421
VIHAAN,68,430,0.0421
JAYLEN,67,435,0.0414
SAMI,67,435,0.0414
SOREN,67,435,0.0414
STEVEN,67,435,0.0414
COLBY,66,439,0.0408
JONAS,66,439,0.0408
ONYX,66,439,0.0408
WELLS,66,439,0.0408
KENNETH,65,443,0.0402
LEONIDAS,65,443,0.0402
MAGNUS,65,443,0.0402
NAEL,65,443,0.0402
ORION,65,443,0.0402
PAXTON,65,443,0.0402
SEAN,65,443,0.0402
SONNY,65,443,0.0402
KENDRICK,64,451,0.0396
MASSIMO,64,451,0.0396
MATTHIAS,64,451,0.0396
GIDEON,63,454,0.039
MAVRICK,63,454,0.039
ARHAM,62,456,0.0384
EDWIN,62,456,0.0384
ELIAM,62,456,0.0384
GIOVANNI,62,456,0.0384
HENRIK,62,456,0.0384
ISA,62,456,0.0384
KAYCE,62,456,0.0384
TROY,62,456,0.0384
YAHYA,62,456,0.0384
BRANTLEY,61,465,0.0377
BRIAN,61,465,0.0377
CYRUS,61,465,0.0377
DARIUS,61,465,0.0377
DONOVAN,61,465,0.0377
JAYKE,61,465,0.0377
KOBE,61,465,0.0377
LAWSON,61,465,0.0377
MARKUS,61,465,0.0377
OTTO,61,465,0.0377
RAYYAN,61,465,0.0377
SHAWN,61,465,0.0377
TEO,61,465,0.0377
COLSON,60,478,0.0371
DIEGO,60,478,0.0371
LINDEN,60,478,0.0371
MAXIM,60,478,0.0371
ADRIANO,59,482,0.0365
BRODIE,59,482,0.0365
CASH,59,482,0.0365
GRADY,59,482,0.0365
HECTOR,59,482,0.0365
LANE,59,482,0.0365
LAURIER,59,482,0.0365
LUDOVICK,59,482,0.0365
MALEK,59,482,0.0365
MORGAN,59,482,0.0365
QUINTON,59,482,0.0365
ALESSANDRO,58,493,0.0359
ALFRED,58,493,0.0359
AVYAAN,58,493,0.0359
CALLAN,58,493,0.0359
WATSON,58,493,0.0359
BODEN,57,498,0.0353
DENVER,57,498,0.0353
KAREEM,57,498,0.0353
MARSHALL,57,498,0.0353
ATHARV,56,502,0.0346
CORBIN,56,502,0.0346
DALTON,56,502,0.0346
ISHAAN,56,502,0.0346
JAYSON,56,502,0.0346
KILLIAN,56,502,0.0346
SAGE,56,502,0.0346
SCOTT,56,502,0.0346
ZAKARIA,56,502,0.0346
ALESSIO,55,511,0.034
AVIRAJ,55,511,0.034
JULIUS,55,511,0.034
KYLIAN,55,511,0.034
LOIK,55,511,0.034
PRINCE,55,511,0.034
REYANSH,55,511,0.034
ADRIEL,54,518,0.0334
AYDIN,54,518,0.0334
CHARLY,54,518,0.0334
ELIE,54,518,0.0334
KASH,54,518,0.0334
KAYSEN,54,518,0.0334
RIO,54,518,0.0334
ROMAIN,54,518,0.0334
ZAYAN,54,518,0.0334
ABDUL,53,527,0.0328
ANAS,53,527,0.0328
ANDERS,53,527,0.0328
EDISON,53,527,0.0328
FLETCHER,53,527,0.0328
HANK,53,527,0.0328
KYLO,53,527,0.0328
WARREN,53,527,0.0328
ALAN,52,535,0.0322
ANGUS,52,535,0.0322
CHRISTOPHE,52,535,0.0322
ERIK,52,535,0.0322
FRANKLIN,52,535,0.0322
HADI,52,535,0.0322
ROYCE,52,535,0.0322
SAHIB,52,535,0.0322
SKYLER,52,535,0.0322
ZAID,52,535,0.0322
ZAKARIYA,52,535,0.0322
ADONIS,51,546,0.0315
AUGUSTUS,51,546,0.0315
EDMOND,51,546,0.0315
GAGE,51,546,0.0315
GRAHAM,51,546,0.0315
ILYAS,51,546,0.0315
PORTER,51,546,0.0315
REIGN,51,546,0.0315
ROHAN,51,546,0.0315
SACHA,51,546,0.0315
ANGELO,50,556,0.0309
AUSTON,50,556,0.0309
AXTON,50,556,0.0309
CHRIS,50,556,0.0309
EKAM,50,556,0.0309
FLYNN,50,556,0.0309
KEEGAN,50,556,0.0309
KOA,50,556,0.0309
MADDEN,50,556,0.0309
MYLAN,50,556,0.0309
NIAM,50,556,0.0309
NIKOLAS,50,556,0.0309
STEPHEN,50,556,0.0309
WARIS,50,556,0.0309
ARVIN,49,570,0.0303
CADE,49,570,0.0303
EDGAR,49,570,0.0303
EMERY,49,570,0.0303
KRISHIV,49,570,0.0303
MAXIMILIAN,49,570,0.0303
YANIS,49,570,0.0303
YASEEN,49,570,0.0303
DUSTIN,48,578,0.0297
ISMAEL,48,578,0.0297
JAXTON,48,578,0.0297
KENZO,48,578,0.0297
KOHEN,48,578,0.0297
STANLEY,48,578,0.0297
TATUM,48,578,0.0297
TIAGO,48,578,0.0297
VEER,48,578,0.0297
WADE,48,578,0.0297
YOUSEF,48,578,0.0297
BANKS,47,589,0.0291
CASSIUS,47,589,0.0291
CONOR,47,589,0.0291
GURFATEH,47,589,0.0291
KARIM,47,589,0.0291
KEATON,47,589,0.0291
KHALIL,47,589,0.0291
OSMAN,47,589,0.0291
VIKTOR,47,589,0.0291
JOSH,46,598,0.0285
KOEN,46,598,0.0285
LUCIANO,46,598,0.0285
MOHAMAD,46,598,0.0285
MYLO,46,598,0.0285
RENAUD,46,598,0.0285
REUBEN,46,598,0.0285
ROWEN,46,598,0.0285
SAMY,46,598,0.0285
APOLLO,45,607,0.0278
BRIXTON,45,607,0.0278
GAEL,45,607,0.0278
GEORGES,45,607,0.0278
GUNNAR,45,607,0.0278
HIMMAT,45,607,0.0278
KARSON,45,607,0.0278
MACKENZIE,45,607,0.0278
MEHTAB,45,607,0.0278
SEBASTIEN,45,607,0.0278
TAYLOR,45,607,0.0278
ZAC,45,607,0.0278
ZOHAN,45,607,0.0278
ALISTAIR,44,620,0.0272
AVEER,44,620,0.0272
MEMPHIS,44,620,0.0272
STEFAN,44,620,0.0272
TITUS,44,620,0.0272
TREVOR,44,620,0.0272
VIAAN,44,620,0.0272
AARUSH,43,627,0.0266
BABY,43,627,0.0266
DREW,43,627,0.0266
GRANT,43,627,0.0266
JOHNATHAN,43,627,0.0266
MARCEL,43,627,0.0266
NICK,43,627,0.0266
NOAM,43,627,0.0266
ROCCO,43,627,0.0266
ROLAND,43,627,0.0266
SAMAR,43,627,0.0266
AYMAN,42,638,0.026
BILAL,42,638,0.026
CALLEN,42,638,0.026
CALUM,42,638,0.026
CLYDE,42,638,0.026
DUNCAN,42,638,0.026
EVANDER,42,638,0.026
HASAN,42,638,0.026
JOVAN,42,638,0.026
LAWRENCE,42,638,0.026
SANTINO,42,638,0.026
ALEK,41,649,0.0254
BELLAMY,41,649,0.0254
EWAN,41,649,0.0254
JAXX,41,649,0.0254
JOAQUIN,41,649,0.0254
RAYMOND,41,649,0.0254
BRIGGS,40,655,0.0247
DEXTER,40,655,0.0247
DHRUV,40,655,0.0247
EESA,40,655,0.0247
GUSTAVE,40,655,0.0247
HUSSAIN,40,655,0.0247
KARTER,40,655,0.0247
LUCCA,40,655,0.0247
MACK,40,655,0.0247
MARKO,40,655,0.0247
MITCHELL,40,655,0.0247
REED,40,655,0.0247
RIAAN,40,655,0.0247
RIAN,40,655,0.0247
VIRAJ,40,655,0.0247
YAZAN,40,655,0.0247
ANHAD,39,671,0.0241
BENOIT,39,671,0.0241
BOSTON,39,671,0.0241
CHANCE,39,671,0.0241
CHARLES-EDOUARD,39,671,0.0241
COLTER,39,671,0.0241
FOX,39,671,0.0241
JEROME,39,671,0.0241
JOHNNY,39,671,0.0241
KHALID,39,671,0.0241
LAYNE,39,671,0.0241
LEIF,39,671,0.0241
MAKSIM,39,671,0.0241
MARIUS,39,671,0.0241
MATHIEU,39,671,0.0241
NIKOLA,39,671,0.0241
SOLOMON,39,671,0.0241
TOMAS,39,671,0.0241
VINCENZO,39,671,0.0241
WESTLEY,39,671,0.0241
ALDEN,38,691,0.0235
AZLAN,38,691,0.0235
BASTIEN,38,691,0.0235
BOWIE,38,691,0.0235
CAIRO,38,691,0.0235
CARLOS,38,691,0.0235
DAKOTA,38,691,0.0235
DEVIN,38,691,0.0235
DIMITRI,38,691,0.0235
DORIAN,38,691,0.0235
HEATH,38,691,0.0235
ISRAEL,38,691,0.0235
KYLAN,38,691,0.0235
LEANDRO,38,691,0.0235
NATHANAEL,38,691,0.0235
NELSON,38,691,0.0235
QUENTIN,38,691,0.0235
REECE,38,691,0.0235
REESE,38,691,0.0235
TY,38,691,0.0235
VAN,38,691,0.0235
CAIDEN,37,712,0.0229
CILLIAN,37,712,0.0229
DANNY,37,712,0.0229
DOMINIK,37,712,0.0229
JEFFREY,37,712,0.0229
JUJHAR,37,712,0.0229
LEOPOLD,37,712,0.0229
LOHAN,37,712,0.0229
LUCIAN,37,712,0.0229
NIRVAIR,37,712,0.0229
NOA,37,712,0.0229
TAHA,37,712,0.0229
THATCHER,37,712,0.0229
VIVAAN,37,712,0.0229
WALLACE,37,712,0.0229
ZACHARIAH,37,712,0.0229
ZEKE,37,712,0.0229
ATREUS,36,729,0.0223
ELYAS,36,729,0.0223
FRANK,36,729,0.0223
JARED,36,729,0.0223
KOLTON,36,729,0.0223
LAITH,36,729,0.0223
LUCIEN,36,729,0.0223
NOEL,36,729,0.0223
OCEAN,36,729,0.0223
SHIVANSH,36,729,0.0223
SYLAS,36,729,0.0223
WYLDER,36,729,0.0223
AGASTYA,35,741,0.0217
AYLAN,35,741,0.0217
BROCK,35,741,0.0217
DION,35,741,0.0217
HARLAN,35,741,0.0217
JIMMY,35,741,0.0217
KASEN,35,741,0.0217
KEITH,35,741,0.0217
LUIS,35,741,0.0217
NEO,35,741,0.0217
NOVA,35,741,0.0217
OAKLAND,35,741,0.0217
OSKAR,35,741,0.0217
SASHA,35,741,0.0217
SHANE,35,741,0.0217
ZAIDEN,35,741,0.0217
AKSEL,34,757,0.021
AVI,34,757,0.021
DENNIS,34,757,0.021
FREDERIC,34,757,0.021
IMRAN,34,757,0.021
IRA,34,757,0.021
JOSE,34,757,0.021
JUAN,34,757,0.021
KEANU,34,757,0.021
KING,34,757,0.021
LELAND,34,757,0.021
LENNY,34,757,0.021
NIKOLAI,34,757,0.021
RYLAND,34,757,0.021
SHEA,34,757,0.021
TRIPP,34,757,0.021
AMMAR,33,773,0.0204
CARMELO,33,773,0.0204
CASPER,33,773,0.0204
CASPIAN,33,773,0.0204
CIAN,33,773,0.0204
DARREN,33,773,0.0204
EMMITT,33,773,0.0204
FRANCESCO,33,773,0.0204
GIANLUCA,33,773,0.0204
GREGOIRE,33,773,0.0204
ISMAIL,33,773,0.0204
MAC,33,773,0.0204
MARC,33,773,0.0204
MOSHE,33,773,0.0204
NOE,33,773,0.0204
OLLIE,33,773,0.0204
SIDNEY,33,773,0.0204
TONY,33,773,0.0204
WILSON,33,773,0.0204
ALVIN,32,792,0.0198
ANDREAS,32,792,0.0198
ARIS,32,792,0.0198
BENEDICT,32,792,0.0198
BJORN,32,792,0.0198
BODIE,32,792,0.0198
CRISTIANO,32,792,0.0198
CURTIS,32,792,0.0198
DEV,32,792,0.0198
ISSA,32,792,0.0198
KARAM,32,792,0.0198
LAMBERT,32,792,0.0198
NIHAL,32,792,0.0198
PHILLIP,32,792,0.0198
WILL,32,792,0.0198
YOUNES,32,792,0.0198
AARYAN,31,808,0.0192
AMBROSE,31,808,0.0192
ANDRES,31,808,0.0192
ARES,31,808,0.0192
AUGUSTIN,31,808,0.0192
DOUGLAS,31,808,0.0192
EDDIE,31,808,0.0192
GREGORY,31,808,0.0192
JOUD,31,808,0.0192
KACEY,31,808,0.0192
KASHTON,31,808,0.0192
MATT,31,808,0.0192
STETSON,31,808,0.0192
SULTAN,31,808,0.0192
SUTTON,31,808,0.0192
TOBY,31,808,0.0192
UMAR,31,808,0.0192
YOHAN,31,808,0.0192
ZAKARY,31,808,0.0192
ZAVIYAR,31,808,0.0192
ANTON,30,828,0.0186
ASH,30,828,0.0186
AVYAN,30,828,0.0186
CARL,30,828,0.0186
DARIAN,30,828,0.0186
DUKE,30,828,0.0186
FOREST,30,828,0.0186
GREY,30,828,0.0186
HARRIS,30,828,0.0186
HENDRIK,30,828,0.0186
JAMAL,30,828,0.0186
KASPER,30,828,0.0186
MAHDI,30,828,0.0186
MOSES,30,828,0.0186
NIRVAAN,30,828,0.0186
OZZY,30,828,0.0186
STEFANO,30,828,0.0186
WES,30,828,0.0186
ZACH,30,828,0.0186
AARIZ,29,847,0.0179
ANAKIN,29,847,0.0179
ANGEL,29,847,0.0179
AZIEL,29,847,0.0179
BOAZ,29,847,0.0179
CEDAR,29,847,0.0179
COEN,29,847,0.0179
DANE,29,847,0.0179
DAVIS,29,847,0.0179
ELON,29,847,0.0179
FINLAY,29,847,0.0179
GUS,29,847,0.0179
JASE,29,847,0.0179
JAXXON,29,847,0.0179
KAISON,29,847,0.0179
KYRO,29,847,0.0179
MERRICK,29,847,0.0179
PEYTON,29,847,0.0179
RUDRA,29,847,0.0179
SHELDON,29,847,0.0179
WAYNE,29,847,0.0179
YUVAAN,29,847,0.0179
ADEN,28,869,0.0173
ALLEN,28,869,0.0173
CAMILO,28,869,0.0173
CONRAD,28,869,0.0173
DARIO,28,869,0.0173
GARRETT,28,869,0.0173
ILYAN,28,869,0.0173
JAWAD,28,869,0.0173
JOHAN,28,869,0.0173
KELLAN,28,869,0.0173
KENAN,28,869,0.0173
MALCOM,28,869,0.0173
MANUEL,28,869,0.0173
OAKLEN,28,869,0.0173
RAY,28,869,0.0173
ROME,28,869,0.0173
SALEM,28,869,0.0173
SIMEON,28,869,0.0173
ULYSSE,28,869,0.0173
USMAN,28,869,0.0173
VED,28,869,0.0173
WREN,28,869,0.0173
ZAK,28,869,0.0173
ABIR,27,892,0.0167
ALEKSANDER,27,892,0.0167
ALEXY,27,892,0.0167
ANDREI,27,892,0.0167
ARMAN,27,892,0.0167
AZAAN,27,892,0.0167
BERNARD,27,892,0.0167
BRUNO,27,892,0.0167
FILIP,27,892,0.0167
IZAIAH,27,892,0.0167
JAIDEN,27,892,0.0167
KEENAN,27,892,0.0167
KODA,27,892,0.0167
KRISH,27,892,0.0167
LEV,27,892,0.0167
MATTIAS,27,892,0.0167
PIERRE,27,892,0.0167
RUBEN,27,892,0.0167
SAMRATH,27,892,0.0167
TEGH,27,892,0.0167
TENZIN,27,892,0.0167
AAYAN,26,913,0.0161
ABEER,26,913,0.0161
BRYCEN,26,913,0.0161
CHAD,26,913,0.0161
DOMENIC,26,913,0.0161
EMIL,26,913,0.0161
EMILIANO,26,913,0.0161
GUNNER,26,913,0.0161
HARLEY,26,913,0.0161
JALEN,26,913,0.0161
KAIUS,26,913,0.0161
KIYAN,26,913,0.0161
KYSON,26,913,0.0161
LEVON,26,913,0.0161
LINKIN,26,913,0.0161
MANRAJ,26,913,0.0161
MATHYS,26,913,0.0161
PIERCE,26,913,0.0161
RIYAN,26,913,0.0161
SAMSON,26,913,0.0161
SARTAJ,26,913,0.0161
SHILOH,26,913,0.0161
WESTIN,26,913,0.0161
WILLEM,26,913,0.0161
ZAVIER,26,913,0.0161
AGAMJOT,25,938,0.0155
ALEJANDRO,25,938,0.0155
AMEER,25,938,0.0155
AMOS,25,938,0.0155
BENICIO,25,938,0.0155
CASSIAN,25,938,0.0155
DANILO,25,938,0.0155
DARCY,25,938,0.0155
EDDY,25,938,0.0155
ESTEBAN,25,938,0.0155
EUGENE,25,938,0.0155
FARIS,25,938,0.0155
IVER,25,938,0.0155
JAGGER,25,938,0.0155
JAXTYN,25,938,0.0155
KREW,25,938,0.0155
LAYTON,25,938,0.0155
LOUIS-PHILIPPE,25,938,0.0155
LUC,25,938,0.0155
NIHAAL,25,938,0.0155
NOVAK,25,938,0.0155
RUPERT,25,938,0.0155
SAMIR,25,938,0.0155
TEDDY,25,938,0.0155
VALENTINO,25,938,0.0155
AARIV,24,963,0.0148
ARIAN,24,963,0.0148
ARNAV,24,963,0.0148
CHARLES-OLIVIER,24,963,0.0148
CLARKE,24,963,0.0148
DAXON,24,963,0.0148
DOMINICK,24,963,0.0148
EMRICK,24,963,0.0148
ERNEST,24,963,0.0148
EVEREST,24,963,0.0148
FIONN,24,963,0.0148
FORD,24,963,0.0148
GUILLAUME,24,963,0.0148
ISAAK,24,963,0.0148
JAMIESON,24,963,0.0148
KHALED,24,963,0.0148
KYE,24,963,0.0148
LINK,24,963,0.0148
LONDON,24,963,0.0148
MIKHAIL,24,963,0.0148
MUHAMMED,24,963,0.0148
PHILEMON,24,963,0.0148
RHODES,24,963,0.0148
SALMAN,24,963,0.0148
SAMAEL,24,963,0.0148
SHAYAN,24,963,0.0148
VANCE,24,963,0.0148
WESTYN,24,963,0.0148
YASIN,24,963,0.0148
ZEPHYR,24,963,0.0148
ZIAN,24,963,0.0148
ABBAS,23,994,0.0142
ABRAM,23,994,0.0142
ANSH,23,994,0.0142
ANSON,23,994,0.0142
ARMIN,23,994,0.0142
AXL,23,994,0.0142
BRENDAN,23,994,0.0142
CHARLES-ANTOINE,23,994,0.0142
CONNER,23,994,0.0142
ELY,23,994,0.0142
FRANCO,23,994,0.0142
FRANKIE,23,994,0.0142
HAIDER,23,994,0.0142
ISSAC,23,994,0.0142
JAXEN,23,994,0.0142
JEAN,23,994,0.0142
JORAWAR,23,994,0.0142
KAEL,23,994,0.0142
LEGEND,23,994,0.0142
NEHEMIAH,23,994,0.0142
NOAH-JAMES,23,994,0.0142
REGINALD,23,994,0.0142
REYAN,23,994,0.0142
RICARDO,23,994,0.0142
TIMOTHEE,23,994,0.0142
YASSINE,23,994,0.0142
YOSEF,23,994,0.0142
ZEV,23,994,0.0142
ANTONY,22,"1,022",0.0136
AYOUB,22,"1,022",0.0136
BLAZE,22,"1,022",0.0136
BRETT,22,"1,022",0.0136
BRONSON,22,"1,022",0.0136
BYRON,22,"1,022",0.0136
CHARLI,22,"1,022",0.0136
CLAY,22,"1,022",0.0136
COLTEN,22,"1,022",0.0136
DENZEL,22,"1,022",0.0136
ENOCH,22,"1,022",0.0136
EPHRAIM,22,"1,022",0.0136
FYNN,22,"1,022",0.0136
GIULIANO,22,"1,022",0.0136
JAI,22,"1,022",0.0136
JOE,22,"1,022",0.0136
JUSTICE,22,"1,022",0.0136
KAISER,22,"1,022",0.0136
KENJI,22,"1,022",0.0136
LANDEN,22,"1,022",0.0136
LEROY,22,"1,022",0.0136
LOAN,22,"1,022",0.0136
LUDOVIK,22,"1,022",0.0136
MAHMOUD,22,"1,022",0.0136
MAVRIK,22,"1,022",0.0136
ORSON,22,"1,022",0.0136
QUINCY,22,"1,022",0.0136
RAYDEN,22,"1,022",0.0136
REN,22,"1,022",0.0136
RIGGS,22,"1,022",0.0136
SAIF,22,"1,022",0.0136
SHAURYA,22,"1,022",0.0136
TAIM,22,"1,022",0.0136
TORIN,22,"1,022",0.0136
VARDAAN,22,"1,022",0.0136
ZIYAD,22,"1,022",0.0136
AHAAN,21,"1,058",0.013
ALONZO,21,"1,058",0.013
ATHARVA,21,"1,058",0.013
AUGUSTINE,21,"1,058",0.013
BASTIAN,21,"1,058",0.013
CALLAHAN,21,"1,058",0.013
CHESTER,21,"1,058",0.013
COLLIN,21,"1,058",0.013
CORMAC,21,"1,058",0.013
GURNIWAZ,21,"1,058",0.013
HARIS,21,"1,058",0.013
HAZEN,21,"1,058",0.013
IBRAHEEM,21,"1,058",0.013
ILAN,21,"1,058",0.013
JASMIN,21,"1,058",0.013
JEREMIE,21,"1,058",0.013
JERICHO,21,"1,058",0.013
JUNIOR,21,"1,058",0.013
KARL,21,"1,058",0.013
LEIGHTON,21,"1,058",0.013
LEONEL,21,"1,058",0.013
MALYK,21,"1,058",0.013
MARLEY,21,"1,058",0.013
MAXIMILIANO,21,"1,058",0.013
MIKA,21,"1,058",0.013
MIRO,21,"1,058",0.013
NAYEL,21,"1,058",0.013
OM,21,"1,058",0.013
RAMI,21,"1,058",0.013
RANVEER,21,"1,058",0.013
RONALD,21,"1,058",0.013
SHAUN,21,"1,058",0.013
SULAIMAN,21,"1,058",0.013
TALON,21,"1,058",0.013
VIRAAJ,21,"1,058",0.013
WOLFGANG,21,"1,058",0.013
ZIAD,21,"1,058",0.013
ADVIK,20,"1,095",0.0124
AGAMVEER,20,"1,095",0.0124
ALPHONSE,20,"1,095",0.0124
ARMANI,20,"1,095",0.0124
ARON,20,"1,095",0.0124
ASA,20,"1,095",0.0124
AZARIAH,20,"1,095",0.0124
BRENNAN,20,"1,095",0.0124
CHARBEL,20,"1,095",0.0124
CRISTIAN,20,"1,095",0.0124
DILLON,20,"1,095",0.0124
DONALD,20,"1,095",0.0124
DRAKE,20,"1,095",0.0124
EMANUEL,20,"1,095",0.0124
EMRYS,20,"1,095",0.0124
EYAD,20,"1,095",0.0124
FINNIGAN,20,"1,095",0.0124
HAROON,20,"1,095",0.0124
HEZEKIAH,20,"1,095",0.0124
IZHAAN,20,"1,095",0.0124
JAMISON,20,"1,095",0.0124
JESSY,20,"1,095",0.0124
JETHRO,20,"1,095",0.0124
JOVIN,20,"1,095",0.0124
KODY,20,"1,095",0.0124
LANDYN,20,"1,095",0.0124
LOICK,20,"1,095",0.0124
LOKI,20,"1,095",0.0124
LOUKAS,20,"1,095",0.0124
MATHEW,20,"1,095",0.0124
MAURICE,20,"1,095",0.0124
MAYDEN,20,"1,095",0.0124
MEHDI,20,"1,095",0.0124
MIKAIL,20,"1,095",0.0124
MIRAN,20,"1,095",0.0124
MURPHY,20,"1,095",0.0124
NICKOLAS,20,"1,095",0.0124
OLI,20,"1,095",0.0124
PRINCETON,20,"1,095",0.0124
RAYAAN,20,"1,095",0.0124
REGGIE,20,"1,095",0.0124
RIHAAN,20,"1,095",0.0124
RISHI,20,"1,095",0.0124
ROSS,20,"1,095",0.0124
RUDY,20,"1,095",0.0124
SHIV,20,"1,095",0.0124
THEODOR,20,"1,095",0.0124
YASIR,20,"1,095",0.0124
YOUSUF,20,"1,095",0.0124
YUNUS,20,"1,095",0.0124
ADITYA,19,"1,145",0.0118
ARCHIBALD,19,"1,145",0.0118
ARNO,19,"1,145",0.0118
ARTIN,19,"1,145",0.0118
AUBREY,19,"1,145",0.0118
AYANSH,19,"1,145",0.0118
BAUER,19,"1,145",0.0118
BOBBY,19,"1,145",0.0118
CIARAN,19,"1,145",0.0118
ELVIN,19,"1,145",0.0118
EVAAN,19,"1,145",0.0118
FOSTER,19,"1,145",0.0118
FRASER,19,"1,145",0.0118
HENLEY,19,"1,145",0.0118
JAVIER,19,"1,145",0.0118
KAIRAV,19,"1,145",0.0118
KEON,19,"1,145",0.0118
KILIAN,19,"1,145",0.0118
KYLEN,19,"1,145",0.0118
LEDGER,19,"1,145",0.0118
MAHIR,19,"1,145",0.0118
MAKAI,19,"1,145",0.0118
MELVIN,19,"1,145",0.0118
PEDRO,19,"1,145",0.0118
PRANAV,19,"1,145",0.0118
REX,19,"1,145",0.0118
RISHAAN,19,"1,145",0.0118
ROGER,19,"1,145",0.0118
SANAD,19,"1,145",0.0118
SHAY,19,"1,145",0.0118
SUNNY,19,"1,145",0.0118
VEDANT,19,"1,145",0.0118
VINCE,19,"1,145",0.0118
ZOHAAN,19,"1,145",0.0118
AHAD,18,"1,179",0.0111
ALARIC,18,"1,179",0.0111
ALIX,18,"1,179",0.0111
ARIE,18,"1,179",0.0111
BASIL,18,"1,179",0.0111
BLAINE,18,"1,179",0.0111
BRADEN,18,"1,179",0.0111
CRUE,18,"1,179",0.0111
DARSH,18,"1,179",0.0111
DEKLAN,18,"1,179",0.0111
ELIAN,18,"1,179",0.0111
EMERICK,18,"1,179",0.0111
EMILIEN,18,"1,179",0.0111
GIACOMO,18,"1,179",0.0111
GIANNI,18,"1,179",0.0111
GURJAAP,18,"1,179",0.0111
HOWARD,18,"1,179",0.0111
IZAAN,18,"1,179",0.0111
JAHAAN,18,"1,179",0.0111
JAIME,18,"1,179",0.0111
JAN,18,"1,179",0.0111
JEDIDIAH,18,"1,179",0.0111
KAMIL,18,"1,179",0.0111
KAYAN,18,"1,179",0.0111
KENAI,18,"1,179",0.0111
KHAI,18,"1,179",0.0111
KIP,18,"1,179",0.0111
KRISHNA,18,"1,179",0.0111
LUCIUS,18,"1,179",0.0111
MARIO,18,"1,179",0.0111
MARVIN,18,"1,179",0.0111
MIKE,18,"1,179",0.0111
MIKHAEL,18,"1,179",0.0111
MONTGOMERY,18,"1,179",0.0111
NIVAAN,18,"1,179",0.0111
ROGAN,18,"1,179",0.0111
SAI,18,"1,179",0.0111
TREY,18,"1,179",0.0111
YASH,18,"1,179",0.0111
YASSER,18,"1,179",0.0111
ZIGGY,18,"1,179",0.0111
ADEM,17,"1,220",0.0105
ALIJAH,17,"1,220",0.0105
AMEN,17,"1,220",0.0105
ARHAAN,17,"1,220",0.0105
ARIEL,17,"1,220",0.0105
ASAD,17,"1,220",0.0105
BENNY,17,"1,220",0.0105
BOONE,17,"1,220",0.0105
BRENT,17,"1,220",0.0105
BRIAR,17,"1,220",0.0105
CAEDEN,17,"1,220",0.0105
CAELAN,17,"1,220",0.0105
CAIUS,17,"1,220",0.0105
CALE,17,"1,220",0.0105
CARLO,17,"1,220",0.0105
CULLEN,17,"1,220",0.0105
EAMON,17,"1,220",0.0105
FARES,17,"1,220",0.0105
FELIPE,17,"1,220",0.0105
FERGUS,17,"1,220",0.0105
JOVI,17,"1,220",0.0105
KAIZEN,17,"1,220",0.0105
KASEY,17,"1,220",0.0105
KELVIN,17,"1,220",0.0105
KOLE,17,"1,220",0.0105
LEE,17,"1,220",0.0105
LENOX,17,"1,220",0.0105
LLEWYN,17,"1,220",0.0105
LYNDON,17,"1,220",0.0105
MAJD,17,"1,220",0.0105
MATEUS,17,"1,220",0.0105
MIKAEEL,17,"1,220",0.0105
NASIR,17,"1,220",0.0105
OMER,17,"1,220",0.0105
ORLANDO,17,"1,220",0.0105
PALMER,17,"1,220",0.0105
SEHAJ,17,"1,220",0.0105
SHAI,17,"1,220",0.0105
TIMOTHE,17,"1,220",0.0105
TITAN,17,"1,220",0.0105
YACINE,17,"1,220",0.0105
ZEN,17,"1,220",0.0105
ADLER,16,"1,262",0.0099
ADNAN,16,"1,262",0.0099
ALLAN,16,"1,262",0.0099
ALPHA,16,"1,262",0.0099
AMANI,16,"1,262",0.0099
AREN,16,"1,262",0.0099
BEAUDEN,16,"1,262",0.0099
CAIN,16,"1,262",0.0099
CAVAN,16,"1,262",0.0099
CEDRICK,16,"1,262",0.0099
CHEIKH,16,"1,262",0.0099
COREY,16,"1,262",0.0099
DAVE,16,"1,262",0.0099
DEVON,16,"1,262",0.0099
EDMUND,16,"1,262",0.0099
ELISHA,16,"1,262",0.0099
EMERIC,16,"1,262",0.0099
EREN,16,"1,262",0.0099
ERICK,16,"1,262",0.0099
FELIX-ANTOINE,16,"1,262",0.0099
FERNANDO,16,"1,262",0.0099
GASPARD,16,"1,262",0.0099
GIBSON,16,"1,262",0.0099
HAMZAH,16,"1,262",0.0099
HAROUN,16,"1,262",0.0099
HENDRICK,16,"1,262",0.0099
HUKAM,16,"1,262",0.0099
IYAD,16,"1,262",0.0099
JOZIAH,16,"1,262",0.0099
KAMERON,16,"1,262",0.0099
KOLBY,16,"1,262",0.0099
KORBIN,16,"1,262",0.0099
KRISTIAN,16,"1,262",0.0099
LEVY,16,"1,262",0.0099
LOUIS-FELIX,16,"1,262",0.0099
LYRIC,16,"1,262",0.0099
MARCELO,16,"1,262",0.0099
MAXTON,16,"1,262",0.0099
MICKAEL,16,"1,262",0.0099
MICKEY,16,"1,262",0.0099
MOUHAMED,16,"1,262",0.0099
NATAN,16,"1,262",0.0099
NEEL,16,"1,262",0.0099
NILAN,16,"1,262",0.0099
PHINEAS,16,"1,262",0.0099
RAHEEM,16,"1,262",0.0099
RALPH,16,"1,262",0.0099
RIYAAN,16,"1,262",0.0099
RODERICK,16,"1,262",0.0099
RUHAAN,16,"1,262",0.0099
SAFWAN,16,"1,262",0.0099
SAINT,16,"1,262",0.0099
SAMARTH,16,"1,262",0.0099
SAMMY,16,"1,262",0.0099
SKYLAR,16,"1,262",0.0099
SUBHAN,16,"1,262",0.0099
TEJAS,16,"1,262",0.0099
THADDEUS,16,"1,262",0.0099
WILFRED,16,"1,262",0.0099
YOEL,16,"1,262",0.0099
AAHIL,15,"1,322",0.0093
ABDULLAHI,15,"1,322",0.0093
ABDULRAHMAN,15,"1,322",0.0093
ADIL,15,"1,322",0.0093
ADVAIT,15,"1,322",0.0093
ALEXI,15,"1,322",0.0093
ANDREA,15,"1,322",0.0093
ARDEN,15,"1,322",0.0093
ASPEN,15,"1,322",0.0093
AVITAJ,15,"1,322",0.0093
AXELL,15,"1,322",0.0093
AYUB,15,"1,322",0.0093
BEAR,15,"1,322",0.0093
BECK,15,"1,322",0.0093
CALDER,15,"1,322",0.0093
CHARLES-EMILE,15,"1,322",0.0093
CORY,15,"1,322",0.0093
DANIYAL,15,"1,322",0.0093
DARA,15,"1,322",0.0093
DASH,15,"1,322",0.0093
DAYTON,15,"1,322",0.0093
DOMENICO,15,"1,322",0.0093
EASON,15,"1,322",0.0093
ELYAM,15,"1,322",0.0093
FATEHVEER,15,"1,322",0.0093
FLORIAN,15,"1,322",0.0093
FRANCISCO,15,"1,322",0.0093
GRAEME,15,"1,322",0.0093
GRAY,15,"1,322",0.0093
GURMAN,15,"1,322",0.0093
GURTAJ,15,"1,322",0.0093
HAROLD,15,"1,322",0.0093
HUSSEIN,15,"1,322",0.0093
IDREES,15,"1,322",0.0093
IDRISS,15,"1,322",0.0093
ILYA,15,"1,322",0.0093
ISHAN,15,"1,322",0.0093
JON,15,"1,322",0.0093
KAEDEN,15,"1,322",0.0093
KAILER,15,"1,322",0.0093
KALLEN,15,"1,322",0.0093
LARRY,15,"1,322",0.0093
MACKLIN,15,"1,322",0.0093
MAHAD,15,"1,322",0.0093
MAMADOU,15,"1,322",0.0093
MEIR,15,"1,322",0.0093
MESSIAH,15,"1,322",0.0093
MOUSSA,15,"1,322",0.0093
MUSAB,15,"1,322",0.0093
NASSIM,15,"1,322",0.0093
NIALL,15,"1,322",0.0093
NIMA,15,"1,322",0.0093
OISIN,15,"1,322",0.0093
OMARI,15,"1,322",0.0093
ORHAN,15,"1,322",0.0093
OSLO,15,"1,322",0.0093
PASCAL,15,"1,322",0.0093
QUINTIN,15,"1,322",0.0093
RYDEN,15,"1,322",0.0093
RYLEE,15,"1,322",0.0093
RYLEN,15,"1,322",0.0093
SALEH,15,"1,322",0.0093
SALVADOR,15,"1,322",0.0093
SEAMUS,15,"1,322",0.0093
SHEHBAAZ,15,"1,322",0.0093
URIAH,15,"1,322",0.0093
WALI,15,"1,322",0.0093
WASSIM,15,"1,322",0.0093
YAHIA,15,"1,322",0.0093
YAZID,15,"1,322",0.0093
YISROEL,15,"1,322",0.0093
YONATAN,15,"1,322",0.0093
YOUCEF,15,"1,322",0.0093
YURI,15,"1,322",0.0093
ZAYAAN,15,"1,322",0.0093
ZAYYAN,15,"1,322",0.0093
ZORAVAR,15,"1,322",0.0093
AAHAN,14,"1,399",0.0087
AJIT,14,"1,399",0.0087
AKRAM,14,"1,399",0.0087
ALFIE,14,"1,399",0.0087
AMADOU,14,"1,399",0.0087
AMAR,14,"1,399",0.0087
AMINE,14,"1,399",0.0087
ANTONIN,14,"1,399",0.0087
ARIN,14,"1,399",0.0087
ASHWIN,14,"1,399",0.0087
BLAISE,14,"1,399",0.0087
BOGDAN,14,"1,399",0.0087
BRAEDEN,14,"1,399",0.0087
BURKE,14,"1,399",0.0087
CAYSON,14,"1,399",0.0087
CHAIM,14,"1,399",0.0087
CHANDLER,14,"1,399",0.0087
CLARENCE,14,"1,399",0.0087
CLOVIS,14,"1,399",0.0087
DAN,14,"1,399",0.0087
DWAYNE,14,"1,399",0.0087
EMIR,14,"1,399",0.0087
EMMET,14,"1,399",0.0087
ESA,14,"1,399",0.0087
ESSA,14,"1,399",0.0087
EUAN,14,"1,399",0.0087
EVREN,14,"1,399",0.0087
FARHAN,14,"1,399",0.0087
FREDRICK,14,"1,399",0.0087
GHALI,14,"1,399",0.0087
GIO,14,"1,399",0.0087
GIUSEPPE,14,"1,399",0.0087
GURSHABAD,14,"1,399",0.0087
HANS,14,"1,399",0.0087
HIRO,14,"1,399",0.0087
HUZAIFA,14,"1,399",0.0087
IBRAHIMA,14,"1,399",0.0087
IVAR,14,"1,399",0.0087
IVERSON,14,"1,399",0.0087
JADON,14,"1,399",0.0087
JAIVEER,14,"1,399",0.0087
KAVEER,14,"1,399",0.0087
KLAY,14,"1,399",0.0087
KOLT,14,"1,399",0.0087
KYAN,14,"1,399",0.0087
LAKEN,14,"1,399",0.0087
LANCE,14,"1,399",0.0087
MEHTAAB,14,"1,399",0.0087
MICHEAL,14,"1,399",0.0087
MIKO,14,"1,399",0.0087
NEVIN,14,"1,399",0.0087
NIKAN,14,"1,399",0.0087
NORMAN,14,"1,399",0.0087
ORIN,14,"1,399",0.0087
PABLO,14,"1,399",0.0087
PERRY,14,"1,399",0.0087
REYAAN,14,"1,399",0.0087
RICKY,14,"1,399",0.0087
RIVAAN,14,"1,399",0.0087
ROCKY,14,"1,399",0.0087
ROHAAN,14,"1,399",0.0087
SAAD,14,"1,399",0.0087
SHAAN,14,"1,399",0.0087
SIDDHARTH,14,"1,399",0.0087
SKY,14,"1,399",0.0087
SUTTER,14,"1,399",0.0087
TEODOR,14,"1,399",0.0087
TODD,14,"1,399",0.0087
VAUGHN,14,"1,399",0.0087
WESTEN,14,"1,399",0.0087
WINTER,14,"1,399",0.0087
YOUNIS,14,"1,399",0.0087
YOUSIF,14,"1,399",0.0087
ZAIRE,14,"1,399",0.0087
AIZEN,13,"1,473",0.008
ALASDAIR,13,"1,473",0.008
ALDER,13,"1,473",0.008
ALEKSANDAR,13,"1,473",0.008
ARAM,13,"1,473",0.008
ARIES,13,"1,473",0.008
AVRAJ,13,"1,473",0.008
AYAANSH,13,"1,473",0.008
AYDAN,13,"1,473",0.008
BENJI,13,"1,473",0.008
BOHDI,13,"1,473",0.008
BRANSON,13,"1,473",0.008
COBY,13,"1,473",0.008
COLESON,13,"1,473",0.008
CREED,13,"1,473",0.008
CROSBY,13,"1,473",0.008
CYRIL,13,"1,473",0.008
DAVEN,13,"1,473",0.008
DAWOOD,13,"1,473",0.008
DEEGAN,13,"1,473",0.008
EZIO,13,"1,473",0.008
FRED,13,"1,473",0.008
FREDRIK,13,"1,473",0.008
GRAYSEN,13,"1,473",0.008
HAMISH,13,"1,473",0.008
HARDY,13,"1,473",0.008
HOUSTON,13,"1,473",0.008
ILYES,13,"1,473",0.008
JAKUB,13,"1,473",0.008
JOACHIM,13,"1,473",0.008
KAVIN,13,"1,473",0.008
KOLSON,13,"1,473",0.008
KRISHAV,13,"1,473",0.008
KRUZ,13,"1,473",0.008
LAURENCE,13,"1,473",0.008
LEANDER,13,"1,473",0.008
LOWEN,13,"1,473",0.008
MADOX,13,"1,473",0.008
MARCELLO,13,"1,473",0.008
MATTHIEU,13,"1,473",0.008
MIRZA,13,"1,473",0.008
MIVAAN,13,"1,473",0.008
MONTY,13,"1,473",0.008
NEEV,13,"1,473",0.008
NIKKO,13,"1,473",0.008
NINO,13,"1,473",0.008
NYLE,13,"1,473",0.008
OLSEN,13,"1,473",0.008
OZZIE,13,"1,473",0.008
RAKAN,13,"1,473",0.008
RAMY,13,"1,473",0.008
ROYAL,13,"1,473",0.008
SHIVIN,13,"1,473",0.008
SOULEYMANE,13,"1,473",0.008
STELLAN,13,"1,473",0.008
STEVE,13,"1,473",0.008
TARIQ,13,"1,473",0.008
TAYM,13,"1,473",0.008
THEODEN,13,"1,473",0.008
VLADIMIR,13,"1,473",0.008
WOLFE,13,"1,473",0.008
YOAN,13,"1,473",0.008
YUG,13,"1,473",0.008
ZAKAI,13,"1,473",0.008
ZAVIAN,13,"1,473",0.008
ZEPPELIN,13,"1,473",0.008
AATHIRAN,12,"1,539",0.0074
ACHILLES,12,"1,539",0.0074
AJAY,12,"1,539",0.0074
ALEXANDROS,12,"1,539",0.0074
ARIYAN,12,"1,539",0.0074
ARNOLD,12,"1,539",0.0074
ARSALAN,12,"1,539",0.0074
ARSH,12,"1,539",0.0074
ARSHAN,12,"1,539",0.0074
ARYA,12,"1,539",0.0074
ASHAR,12,"1,539",0.0074
AUSTEN,12,"1,539",0.0074
AYUSH,12,"1,539",0.0074
AZAAD,12,"1,539",0.0074
BAILEY,12,"1,539",0.0074
BERNARDO,12,"1,539",0.0074
BISHOP,12,"1,539",0.0074
BOHDAN,12,"1,539",0.0074
BOYD,12,"1,539",0.0074
BRAYSON,12,"1,539",0.0074
CASTIEL,12,"1,539",0.0074
CAYDE,12,"1,539",0.0074
CLIFFORD,12,"1,539",0.0074
DARIEN,12,"1,539",0.0074
DENIZ,12,"1,539",0.0074
DEVANSH,12,"1,539",0.0074
EARL,12,"1,539",0.0074
EDUARDO,12,"1,539",0.0074
ELIEL,12,"1,539",0.0074
ELWOOD,12,"1,539",0.0074
EVANS,12,"1,539",0.0074
FINDLAY,12,"1,539",0.0074
FRANCOIS,12,"1,539",0.0074
GARY,12,"1,539",0.0074
GIORDANO,12,"1,539",0.0074
HAKEEM,12,"1,539",0.0074
HARFATEH,12,"1,539",0.0074
HARNAV,12,"1,539",0.0074
HARUN,12,"1,539",0.0074
HENRYK,12,"1,539",0.0074
ILIAS,12,"1,539",0.0074
JED,12,"1,539",0.0074
JERRY,12,"1,539",0.0074
JIN,12,"1,539",0.0074
JOAQUIM,12,"1,539",0.0074
JOHANN,12,"1,539",0.0074
JOHANNES,12,"1,539",0.0074
JORGE,12,"1,539",0.0074
KAMARI,12,"1,539",0.0074
KASE,12,"1,539",0.0074
KASON,12,"1,539",0.0074
KEYAAN,12,"1,539",0.0074
KIYAAN,12,"1,539",0.0074
KURTIS,12,"1,539",0.0074
KYDEN,12,"1,539",0.0074
KYRAN,12,"1,539",0.0074
LAKE,12,"1,539",0.0074
LARS,12,"1,539",0.0074
LLOYD,12,"1,539",0.0074
LOUCAS,12,"1,539",0.0074
LUQMAN,12,"1,539",0.0074
LYLE,12,"1,539",0.0074
MALICK,12,"1,539",0.0074
MARWAN,12,"1,539",0.0074
MAVERIK,12,"1,539",0.0074
MAZEN,12,"1,539",0.0074
MEDERICK,12,"1,539",0.0074
MICHEL,12,"1,539",0.0074
MIKEL,12,"1,539",0.0074
MIKKO,12,"1,539",0.0074
NISHAN,12,"1,539",0.0074
PERCY,12,"1,539",0.0074
QASIM,12,"1,539",0.0074
RAIN,12,"1,539",0.0074
RANDY,12,"1,539",0.0074
RAYNE,12,"1,539",0.0074
REHMAT,12,"1,539",0.0074
RIDLEY,12,"1,539",0.0074
ROAN,12,"1,539",0.0074
ROBERTO,12,"1,539",0.0074
RONNIE,12,"1,539",0.0074
ROSHAN,12,"1,539",0.0074
SAHIL,12,"1,539",0.0074
SALIM,12,"1,539",0.0074
SALVATORE,12,"1,539",0.0074
SANDRO,12,"1,539",0.0074
SERGIO,12,"1,539",0.0074
SHEPARD,12,"1,539",0.0074
STEELE,12,"1,539",0.0074
STEPHAN,12,"1,539",0.0074
SULAYMAN,12,"1,539",0.0074
TIM,12,"1,539",0.0074
WILLYAM,12,"1,539",0.0074
WOLF,12,"1,539",0.0074
YAQUB,12,"1,539",0.0074
YASSIN,12,"1,539",0.0074
YUSEF,12,"1,539",0.0074
ZIDANE,12,"1,539",0.0074
ACHILLE,11,"1,637",0.0068
ADAN,11,"1,637",0.0068
AGAMBIR,11,"1,637",0.0068
AKSHAR,11,"1,637",0.0068
ALEXEI,11,"1,637",0.0068
ARBAAZ,11,"1,637",0.0068
ARIO,11,"1,637",0.0068
ARMAND,11,"1,637",0.0068
ARTURO,11,"1,637",0.0068
AURELIUS,11,"1,637",0.0068
AYAZ,11,"1,637",0.0068
AYMEN,11,"1,637",0.0068
AZIZ,11,"1,637",0.0068
BAAZ,11,"1,637",0.0068
BARON,11,"1,637",0.0068
BRAM,11,"1,637",0.0068
BRAYDON,11,"1,637",0.0068
BROOKLYN,11,"1,637",0.0068
BRYSEN,11,"1,637",0.0068
CALIX,11,"1,637",0.0068
CHARLOT,11,"1,637",0.0068
DALE,11,"1,637",0.0068
DAVI,11,"1,637",0.0068
DECKER,11,"1,637",0.0068
DEEN,11,"1,637",0.0068
DENIS,11,"1,637",0.0068
DRAVEN,11,"1,637",0.0068
DRAYDEN,11,"1,637",0.0068
ELDON,11,"1,637",0.0068
ENRIQUE,11,"1,637",0.0068
ESHAAN,11,"1,637",0.0068
EZRAH,11,"1,637",0.0068
FABIAN,11,"1,637",0.0068
GEDEON,11,"1,637",0.0068
GENESIS,11,"1,637",0.0068
GERALD,11,"1,637",0.0068
GERARD,11,"1,637",0.0068
GILBERT,11,"1,637",0.0068
GRAYDON,11,"1,637",0.0068
GURVEER,11,"1,637",0.0068
HAIDEN,11,"1,637",0.0068
HARTLEY,11,"1,637",0.0068
HASHIM,11,"1,637",0.0068
HOSEA,11,"1,637",0.0068
HUXTON,11,"1,637",0.0068
IMAAN,11,"1,637",0.0068
IRFAN,11,"1,637",0.0068
JAAP,11,"1,637",0.0068
JACQUES,11,"1,637",0.0068
JADE,11,"1,637",0.0068
JAYCOB,11,"1,637",0.0068
JEEVAN,11,"1,637",0.0068
JENSON,11,"1,637",0.0068
JET,11,"1,637",0.0068
JIDENNA,11,"1,637",0.0068
JOSEF,11,"1,637",0.0068
JUSTUS,11,"1,637",0.0068
KABEER,11,"1,637",0.0068
KACE,11,"1,637",0.0068
KALLUM,11,"1,637",0.0068
KAMDEN,11,"1,637",0.0068
KAYLAN,11,"1,637",0.0068
KENNY,11,"1,637",0.0068
KINAN,11,"1,637",0.0068
KIRAN,11,"1,637",0.0068
KIT,11,"1,637",0.0068
KNOXX,11,"1,637",0.0068
KOBY,11,"1,637",0.0068
KRISTOPHER,11,"1,637",0.0068
KYMANI,11,"1,637",0.0068
LAINE,11,"1,637",0.0068
LAYTH,11,"1,637",0.0068
LOYAL,11,"1,637",0.0068
LUTHER,11,"1,637",0.0068
MAAZ,11,"1,637",0.0068
MAKSYM,11,"1,637",0.0068
MALIKAI,11,"1,637",0.0068
MAREK,11,"1,637",0.0068
MATEEN,11,"1,637",0.0068
MAXIMILLIAN,11,"1,637",0.0068
MAXX,11,"1,637",0.0068
MD,11,"1,637",0.0068
MENACHEM,11,"1,637",0.0068
MESHILEM,11,"1,637",0.0068
MIRKO,11,"1,637",0.0068
MUHSIN,11,"1,637",0.0068
NABIL,11,"1,637",0.0068
NAKSH,11,"1,637",0.0068
NAVRAJ,11,"1,637",0.0068
NIKITA,11,"1,637",0.0068
NORTH,11,"1,637",0.0068
NUH,11,"1,637",0.0068
PAOLO,11,"1,637",0.0068
PRESLEY,11,"1,637",0.0068
REHAAN,11,"1,637",0.0068
RIDWAN,11,"1,637",0.0068
RIKER,11,"1,637",0.0068
RUDRANSH,11,"1,637",0.0068
RUMI,11,"1,637",0.0068
RYLEY,11,"1,637",0.0068
SAYED,11,"1,637",0.0068
SEYON,11,"1,637",0.0068
SHLOK,11,"1,637",0.0068
SIDAK,11,"1,637",0.0068
SOHAN,11,"1,637",0.0068
TERRANCE,11,"1,637",0.0068
THIERRY,11,"1,637",0.0068
TRENT,11,"1,637",0.0068
TURNER,11,"1,637",0.0068
VON,11,"1,637",0.0068
WAYLEN,11,"1,637",0.0068
WILLY,11,"1,637",0.0068
YAAKOV,11,"1,637",0.0068
YANNIS,11,"1,637",0.0068
YEHUDA,11,"1,637",0.0068
YUVAN,11,"1,637",0.0068
ZACHARIE,11,"1,637",0.0068
ZACKAEL,11,"1,637",0.0068
ZAHIR,11,"1,637",0.0068
ZEALAND,11,"1,637",0.0068
ZECHARIAH,11,"1,637",0.0068
ZEUS,11,"1,637",0.0068
ZYON,11,"1,637",0.0068
AARAN,10,"1,760",0.0062
ABDIRAHMAN,10,"1,760",0.0062
AEDAN,10,"1,760",0.0062
AGAMVIR,10,"1,760",0.0062
ALASTAIR,10,"1,760",0.0062
ARAS,10,"1,760",0.0062
ARASH,10,"1,760",0.0062
ARROW,10,"1,760",0.0062
ASTON,10,"1,760",0.0062
AURELIO,10,"1,760",0.0062
AYHAM,10,"1,760",0.0062
AZLAAN,10,"1,760",0.0062
BARRY,10,"1,760",0.0062
BENNET,10,"1,760",0.0062
BORIS,10,"1,760",0.0062
BRAYLEN,10,"1,760",0.0062
CALIHAN,10,"1,760",0.0062
CASEN,10,"1,760",0.0062
CEDRIK,10,"1,760",0.0062
CONAN,10,"1,760",0.0062
CORNELIUS,10,"1,760",0.0062
CRAIG,10,"1,760",0.0062
DAMIANO,10,"1,760",0.0062
DARWIN,10,"1,760",0.0062
DIYAN,10,"1,760",0.0062
ELIEZER,10,"1,760",0.0062
ELI-JAMES,10,"1,760",0.0062
ELTON,10,"1,760",0.0062
EMRIK,10,"1,760",0.0062
EOIN,10,"1,760",0.0062
ERVIN,10,"1,760",0.0062
EYDEN,10,"1,760",0.0062
EZEQUIEL,10,"1,760",0.0062
FENIX,10,"1,760",0.0062
FINNIAN,10,"1,760",0.0062
FINNICK,10,"1,760",0.0062
FISHER,10,"1,760",0.0062
GRAYDEN,10,"1,760",0.0062
GRYFFIN,10,"1,760",0.0062
GUNTAJ,10,"1,760",0.0062
HADRIEN,10,"1,760",0.0062
HAMDAN,10,"1,760",0.0062
HARI,10,"1,760",0.0062
HARJAS,10,"1,760",0.0062
HASHIR,10,"1,760",0.0062
HAVEN,10,"1,760",0.0062
HEAVEN,10,"1,760",0.0062
HELIOS,10,"1,760",0.0062
HUSAYN,10,"1,760",0.0062
INDIANA,10,"1,760",0.0062
IYED,10,"1,760",0.0062
JACOBY,10,"1,760",0.0062
JETTSON,10,"1,760",0.0062
JIBREEL,10,"1,760",0.0062
JIGAR,10,"1,760",0.0062
JIRAIYA,10,"1,760",0.0062
KAEDE,10,"1,760",0.0062
KAINE,10,"1,760",0.0062
KAIS,10,"1,760",0.0062
KALVIN,10,"1,760",0.0062
KASSIAN,10,"1,760",0.0062
KAYNE,10,"1,760",0.0062
KEN,10,"1,760",0.0062
KENTON,10,"1,760",0.0062
KURT,10,"1,760",0.0062
KYZER,10,"1,760",0.0062
LANDO,10,"1,760",0.0062
LAZAR,10,"1,760",0.0062
LEELAND,10,"1,760",0.0062
LEO-PAUL,10,"1,760",0.0062
LIOR,10,"1,760",0.0062
MADDEX,10,"1,760",0.0062
MAISON,10,"1,760",0.0062
MAJID,10,"1,760",0.0062
MALEEK,10,"1,760",0.0062
MANTAJ,10,"1,760",0.0062
MANU,10,"1,760",0.0062
MEHAR,10,"1,760",0.0062
MEHRAAB,10,"1,760",0.0062
MEYER,10,"1,760",0.0062
MICAIAH,10,"1,760",0.0062
MILANN,10,"1,760",0.0062
MILANO,10,"1,760",0.0062
NIDHAAN,10,"1,760",0.0062
NILE,10,"1,760",0.0062
OAKLEE,10,"1,760",0.0062
OLIN,10,"1,760",0.0062
OREN,10,"1,760",0.0062
RABAB,10,"1,760",0.0062
RAGHAV,10,"1,760",0.0062
RANVIR,10,"1,760",0.0062
RAYANE,10,"1,760",0.0062
REAGAN,10,"1,760",0.0062
REDA,10,"1,760",0.0062
REHAN,10,"1,760",0.0062
REVAN,10,"1,760",0.0062
RIDHAAN,10,"1,760",0.0062
RIPLEY,10,"1,760",0.0062
RISHAN,10,"1,760",0.0062
RIYAD,10,"1,760",0.0062
RYLE,10,"1,760",0.0062
SALAAR,10,"1,760",0.0062
SAUL,10,"1,760",0.0062
SEBASTIANO,10,"1,760",0.0062
SHIA,10,"1,760",0.0062
SINAN,10,"1,760",0.0062
STUART,10,"1,760",0.0062
SURYA,10,"1,760",0.0062
TADHG,10,"1,760",0.0062
TEGHVEER,10,"1,760",0.0062
TERRENCE,10,"1,760",0.0062
TIMBER,10,"1,760",0.0062
TOWNES,10,"1,760",0.0062
VIAN,10,"1,760",0.0062
VICENTE,10,"1,760",0.0062
WESSON,10,"1,760",0.0062
WEST,10,"1,760",0.0062
WILHELM,10,"1,760",0.0062
WYLIE,10,"1,760",0.0062
XZAVIER,10,"1,760",0.0062
YAMAN,10,"1,760",0.0062
ZACKERY,10,"1,760",0.0062
ZEIN,10,"1,760",0.0062
ZORA,10,"1,760",0.0062
ZORAIZ,10,"1,760",0.0062
ZYAN,10,"1,760",0.0062
AAYANSH,9,"1,886",0.0056
ABDOULAYE,9,"1,886",0.0056
ABE,9,"1,886",0.0056
ADEL,9,"1,886",0.0056
ADVAITH,9,"1,886",0.0056
ADYAN,9,"1,886",0.0056
AEDEN,9,"1,886",0.0056
AJEET,9,"1,886",0.0056
ALWYN,9,"1,886",0.0056
AMIN,9,"1,886",0.0056
AMITOJ,9,"1,886",0.0056
ANIS,9,"1,886",0.0056
ANTONI,9,"1,886",0.0056
ARION,9,"1,886",0.0056
ATREYU,9,"1,886",0.0056
AVIK,9,"1,886",0.0056
AVIR,9,"1,886",0.0056
AVRAHAM,9,"1,886",0.0056
AVYUKT,9,"1,886",0.0056
AXLE,9,"1,886",0.0056
AYVEN,9,"1,886",0.0056
AZAD,9,"1,886",0.0056
AZAIAH,9,"1,886",0.0056
AZEEM,9,"1,886",0.0056
AZRAEL,9,"1,886",0.0056
BENTON,9,"1,886",0.0056
BLAIR,9,"1,886",0.0056
BODE,9,"1,886",0.0056
BRENDON,9,"1,886",0.0056
BRYER,9,"1,886",0.0056
CAELUM,9,"1,886",0.0056
CAMILLE,9,"1,886",0.0056
CAMPBELL,9,"1,886",0.0056
CASHTON,9,"1,886",0.0056
CHARLES-HENRI,9,"1,886",0.0056
CHAYCE,9,"1,886",0.0056
COVE,9,"1,886",0.0056
CRUZE,9,"1,886",0.0056
DANYAL,9,"1,886",0.0056
DAVIN,9,"1,886",0.0056
DAYLEN,9,"1,886",0.0056
DEANDRE,9,"1,886",0.0056
EAMONN,9,"1,886",0.0056
EBRAHIM,9,"1,886",0.0056
ELVIS,9,"1,886",0.0056
EMRY,9,"1,886",0.0056
ESROM,9,"1,886",0.0056
FATEHBIR,9,"1,886",0.0056
FITZGERALD,9,"1,886",0.0056
FREDDIE,9,"1,886",0.0056
GARETH,9,"1,886",0.0056
GINO,9,"1,886",0.0056
GURVANSH,9,"1,886",0.0056
GURWARIS,9,"1,886",0.0056
HARLOW,9,"1,886",0.0056
HARPER,9,"1,886",0.0056
HAYZE,9,"1,886",0.0056
IHSAN,9,"1,886",0.0056
IKTAJ,9,"1,886",0.0056
ILIJA,9,"1,886",0.0056
IMMANUEL,9,"1,886",0.0056
IMRANE,9,"1,886",0.0056
INDY,9,"1,886",0.0056
ISMAEEL,9,"1,886",0.0056
JAYMI,9,"1,886",0.0056
JIBRIL,9,"1,886",0.0056
JOAKIM,9,"1,886",0.0056
JOBAN,9,"1,886",0.0056
JORDY,9,"1,886",0.0056
JOSUE,9,"1,886",0.0056
KAMAL,9,"1,886",0.0056
KAYLEN,9,"1,886",0.0056
KELLEN,9,"1,886",0.0056
KIPTON,9,"1,886",0.0056
KLYDE,9,"1,886",0.0056
KONRAD,9,"1,886",0.0056
KRIS,9,"1,886",0.0056
KYLIAM,9,"1,886",0.0056
KYREE,9,"1,886",0.0056
KYREN,9,"1,886",0.0056
LAEL,9,"1,886",0.0056
LEX,9,"1,886",0.0056
LINUS,9,"1,886",0.0056
LOUIS-CHARLES,9,"1,886",0.0056
LOUIS-THOMAS,9,"1,886",0.0056
MALO,9,"1,886",0.0056
MANOE,9,"1,886",0.0056
MARCOS,9,"1,886",0.0056
MARLO,9,"1,886",0.0056
MARLOW,9,"1,886",0.0056
MAURICIO,9,"1,886",0.0056
MAXIMO,9,"1,886",0.0056
MAYSEN,9,"1,886",0.0056
MCCOY,9,"1,886",0.0056
MEDERIC,9,"1,886",0.0056
MINH,9,"1,886",0.0056
MURAD,9,"1,886",0.0056
MYER,9,"1,886",0.0056
NAIM,9,"1,886",0.0056
NAOD,9,"1,886",0.0056
NEAL,9,"1,886",0.0056
NIRVAN,9,"1,886",0.0056
OCTAVE,9,"1,886",0.0056
ODEN,9,"1,886",0.0056
OUMAR,9,"1,886",0.0056
PARTAP,9,"1,886",0.0056
PIERSON,9,"1,886",0.0056
RAED,9,"1,886",0.0056
RAVEN,9,"1,886",0.0056
RAYHAN,9,"1,886",0.0056
REILLY,9,"1,886",0.0056
RENE,9,"1,886",0.0056
ROBBIE,9,"1,886",0.0056
RODNEY,9,"1,886",0.0056
RODRIGO,9,"1,886",0.0056
RYATT,9,"1,886",0.0056
SAEED,9,"1,886",0.0056
SEVA,9,"1,886",0.0056
SHAHZAIN,9,"1,886",0.0056
SHALOM,9,"1,886",0.0056
SHEPHERD,9,"1,886",0.0056
SIRAJ,9,"1,886",0.0056
SKYE,9,"1,886",0.0056
SLADE,9,"1,886",0.0056
SULEIMAN,9,"1,886",0.0056
TAIMUR,9,"1,886",0.0056
TAREK,9,"1,886",0.0056
TAVIAN,9,"1,886",0.0056
TAYDEN,9,"1,886",0.0056
TEGVEER,9,"1,886",0.0056
THOR,9,"1,886",0.0056
THORIN,9,"1,886",0.0056
TIAM,9,"1,886",0.0056
TIMUR,9,"1,886",0.0056
TRENTON,9,"1,886",0.0056
TREYSON,9,"1,886",0.0056
TYRELL,9,"1,886",0.0056
UDAYVEER,9,"1,886",0.0056
VALERIO,9,"1,886",0.0056
VANDER,9,"1,886",0.0056
VANSH,9,"1,886",0.0056
VIGGO,9,"1,886",0.0056
WYNN,9,"1,886",0.0056
XAVI,9,"1,886",0.0056
YOANN,9,"1,886",0.0056
ZIAAN,9,"1,886",0.0056
ZIDAN,9,"1,886",0.0056
AADHAV,8,"2,033",0.0049
AARIN,8,"2,033",0.0049
AARISH,8,"2,033",0.0049
ABDOUL,8,"2,033",0.0049
ABDULAZIZ,8,"2,033",0.0049
ADAB,8,"2,033",0.0049
ADAMO,8,"2,033",0.0049
ADHAM,8,"2,033",0.0049
AJ,8,"2,033",0.0049
AKEEM,8,"2,033",0.0049
ALBAN,8,"2,033",0.0049
ALLISTER,8,"2,033",0.0049
ALTON,8,"2,033",0.0049
ALY,8,"2,033",0.0049
AMER,8,"2,033",0.0049
AMJAD,8,"2,033",0.0049
ANAY,8,"2,033",0.0049
ANISH,8,"2,033",0.0049
ARHAN,8,"2,033",0.0049
ARIZ,8,"2,033",0.0049
ARLEN,8,"2,033",0.0049
ARSAM,8,"2,033",0.0049
ARSHAAN,8,"2,033",0.0049
AZRIEL,8,"2,033",0.0049
BOWDEN,8,"2,033",0.0049
BRANT,8,"2,033",0.0049
BRIGHTON,8,"2,033",0.0049
CAEL,8,"2,033",0.0049
CAREY,8,"2,033",0.0049
CHARLEY,8,"2,033",0.0049
CHARLO,8,"2,033",0.0049
CONSTANTINE,8,"2,033",0.0049
COSMO,8,"2,033",0.0049
DAEMON,8,"2,033",0.0049
DANIAL,8,"2,033",0.0049
DARYL,8,"2,033",0.0049
DAVIAN,8,"2,033",0.0049
DEVAN,8,"2,033",0.0049
DEVEN,8,"2,033",0.0049
DHRUVA,8,"2,033",0.0049
DILSHER,8,"2,033",0.0049
DJIBRIL,8,"2,033",0.0049
EDRIC,8,"2,033",0.0049
EHAN,8,"2,033",0.0049
EISA,8,"2,033",0.0049
EITAN,8,"2,033",0.0049
ELIOR,8,"2,033",0.0049
ELOUAN,8,"2,033",0.0049
EMRE,8,"2,033",0.0049
ERMIAS,8,"2,033",0.0049
ERNESTO,8,"2,033",0.0049
EVERHETT,8,"2,033",0.0049
EVERSON,8,"2,033",0.0049
EVIN,8,"2,033",0.0049
FABIEN,8,"2,033",0.0049
FAISAL,8,"2,033",0.0049
FAIZ,8,"2,033",0.0049
FAIZAN,8,"2,033",0.0049
FELYX,8,"2,033",0.0049
FLINT,8,"2,033",0.0049
FRANZ,8,"2,033",0.0049
FREDERIK,8,"2,033",0.0049
GLEN,8,"2,033",0.0049
GRAESON,8,"2,033",0.0049
GURMAAN,8,"2,033",0.0049
GURSAHIB,8,"2,033",0.0049
GUY,8,"2,033",0.0049
HADRIAN,8,"2,033",0.0049
HANSON,8,"2,033",0.0049
HARBAAZ,8,"2,033",0.0049
HARLEM,8,"2,033",0.0049
HART,8,"2,033",0.0049
HARVIN,8,"2,033",0.0049
HEDI,8,"2,033",0.0049
HOLLIS,8,"2,033",0.0049
HUMZA,8,"2,033",0.0049
HUNTLEY,8,"2,033",0.0049
IGNATIUS,8,"2,033",0.0049
INDIGO,8,"2,033",0.0049
ISHAQ,8,"2,033",0.0049
ISIAH,8,"2,033",0.0049
IVOR,8,"2,033",0.0049
IZAAK,8,"2,033",0.0049
JAEDEN,8,"2,033",0.0049
JARVIS,8,"2,033",0.0049
JASIAH,8,"2,033",0.0049
JASRAJ,8,"2,033",0.0049
JAYVEER,8,"2,033",0.0049
JIM,8,"2,033",0.0049
JIREH,8,"2,033",0.0049
JIYANSH,8,"2,033",0.0049
JOOD,8,"2,033",0.0049
JORA,8,"2,033",0.0049
JOURNEY,8,"2,033",0.0049
JULIO,8,"2,033",0.0049
KALEL,8,"2,033",0.0049
KALLAN,8,"2,033",0.0049
KANAN,8,"2,033",0.0049
KANWAR,8,"2,033",0.0049
KAVISH,8,"2,033",0.0049
KELLY,8,"2,033",0.0049
KONSTANTIN,8,"2,033",0.0049
KONSTANTINOS,8,"2,033",0.0049
KOOPER,8,"2,033",0.0049
KORBEN,8,"2,033",0.0049
KORBYN,8,"2,033",0.0049
KOSTA,8,"2,033",0.0049
KOVE,8,"2,033",0.0049
LESLIE,8,"2,033",0.0049
LOUCA,8,"2,033",0.0049
LUX,8,"2,033",0.0049
MANOLO,8,"2,033",0.0049
MATIS,8,"2,033",0.0049
MATTIA,8,"2,033",0.0049
MAXANDRE,8,"2,033",0.0049
MAZIN,8,"2,033",0.0049
MENDEL,8,"2,033",0.0049
MERON,8,"2,033",0.0049
MIKAH,8,"2,033",0.0049
MILAD,8,"2,033",0.0049
MITHRAN,8,"2,033",0.0049
MORRIS,8,"2,033",0.0049
MOURAD,8,"2,033",0.0049
MURRAY,8,"2,033",0.0049
MYLANN,8,"2,033",0.0049
NADAR,8,"2,033",0.0049
NAHOM,8,"2,033",0.0049
NAKOA,8,"2,033",0.0049
NIKLAUS,8,"2,033",0.0049
NIKOS,8,"2,033",0.0049
NISHAAN,8,"2,033",0.0049
OJAS,8,"2,033",0.0049
OLAN,8,"2,033",0.0049
OLUWADEMILADE,8,"2,033",0.0049
OLUWAFERANMI,8,"2,033",0.0049
ORRIN,8,"2,033",0.0049
OUSMANE,8,"2,033",0.0049
OZIAS,8,"2,033",0.0049
PARAM,8,"2,033",0.0049
PARTH,8,"2,033",0.0049
PERSEUS,8,"2,033",0.0049
PETROS,8,"2,033",0.0049
PRIMO,8,"2,033",0.0049
QUSAI,8,"2,033",0.0049
RAJVEER,8,"2,033",0.0049
RAMZI,8,"2,033",0.0049
RASHEED,8,"2,033",0.0049
RENZO,8,"2,033",0.0049
ROMY,8,"2,033",0.0049
ROSCOE,8,"2,033",0.0049
RYLIE,8,"2,033",0.0049
SAID,8,"2,033",0.0049
SALEEM,8,"2,033",0.0049
SHAE,8,"2,033",0.0049
SHAYDEN,8,"2,033",0.0049
SHIVAY,8,"2,033",0.0049
SHRIYAN,8,"2,033",0.0049
SLOAN,8,"2,033",0.0049
SRI,8,"2,033",0.0049
SUFYAN,8,"2,033",0.0049
SVEN,8,"2,033",0.0049
SYDNEY,8,"2,033",0.0049
SYLVAIN,8,"2,033",0.0049
TAJ,8,"2,033",0.0049
TALHA,8,"2,033",0.0049
TANUSH,8,"2,033",0.0049
TED,8,"2,033",0.0049
TEGHBIR,8,"2,033",0.0049
THEERAN,8,"2,033",0.0049
THEOREN,8,"2,033",0.0049
TIAN,8,"2,033",0.0049
TOMMASO,8,"2,033",0.0049
TRACE,8,"2,033",0.0049
TRISTEN,8,"2,033",0.0049
UDAY,8,"2,033",0.0049
UDHAM,8,"2,033",0.0049
URIEL,8,"2,033",0.0049
UZAIR,8,"2,033",0.0049
VALENTIN,8,"2,033",0.0049
VIHAN,8,"2,033",0.0049
VITO,8,"2,033",0.0049
WAEL,8,"2,033",0.0049
WALID,8,"2,033",0.0049
WILLOW,8,"2,033",0.0049
YAN,8,"2,033",0.0049
YANI,8,"2,033",0.0049
YUVIN,8,"2,033",0.0049
ZACHERY,8,"2,033",0.0049
ZAYLEN,8,"2,033",0.0049
ZUHAIR,8,"2,033",0.0049
ZYAIR,8,"2,033",0.0049
AADAM,7,"2,224",0.0043
AADI,7,"2,224",0.0043
AADVIK,7,"2,224",0.0043
AAMIR,7,"2,224",0.0043
AARNAV,7,"2,224",0.0043
ABD,7,"2,224",0.0043
ABDALLAH,7,"2,224",0.0043
ABDURRAHMAN,7,"2,224",0.0043
ABNER,7,"2,224",0.0043
ADHVIK,7,"2,224",0.0043
ADITHYA,7,"2,224",0.0043
ADONAY,7,"2,224",0.0043
AFFAN,7,"2,224",0.0043
AHARAN,7,"2,224",0.0043
AHMET,7,"2,224",0.0043
AIKAM,7,"2,224",0.0043
AKASH,7,"2,224",0.0043
AKIM,7,"2,224",0.0043
AKSIL,7,"2,224",0.0043
ALEKSANDR,7,"2,224",0.0043
ALONSO,7,"2,224",0.0043
ALP,7,"2,224",0.0043
AMEEN,7,"2,224",0.0043
AMIAS,7,"2,224",0.0043
AMRIT,7,"2,224",0.0043
ANANT,7,"2,224",0.0043
ANSEL,7,"2,224",0.0043
ANWAR,7,"2,224",0.0043
ARAN,7,"2,224",0.0043
ARAZ,7,"2,224",0.0043
ARTEM,7,"2,224",0.0043
ARWIN,7,"2,224",0.0043
ASAPH,7,"2,224",0.0043
ASHVIK,7,"2,224",0.0043
ASLAN,7,"2,224",0.0043
ATTILA,7,"2,224",0.0043
AUDEN,7,"2,224",0.0043
AUSTYN,7,"2,224",0.0043
AWS,7,"2,224",0.0043
AYLANE,7,"2,224",0.0043
AYRTON,7,"2,224",0.0043
AZEEZ,7,"2,224",0.0043
BADR,7,"2,224",0.0043
BAXTER,7,"2,224",0.0043
BECKAM,7,"2,224",0.0043
BENAIAH,7,"2,224",0.0043
BENYAMIN,7,"2,224",0.0043
BINYAMIN,7,"2,224",0.0043
BODIN,7,"2,224",0.0043
BOOKER,7,"2,224",0.0043
BRECKEN,7,"2,224",0.0043
BREXTON,7,"2,224",0.0043
CAL,7,"2,224",0.0043
CALIAN,7,"2,224",0.0043
CAMRON,7,"2,224",0.0043
CARVER,7,"2,224",0.0043
CASHEL,7,"2,224",0.0043
CAYSEN,7,"2,224",0.0043
CHACE,7,"2,224",0.0043
CHAYTON,7,"2,224",0.0043
CHEVY,7,"2,224",0.0043
CLAUDE,7,"2,224",0.0043
CLIVE,7,"2,224",0.0043
CORNY,7,"2,224",0.0043
CRU,7,"2,224",0.0043
DAMIR,7,"2,224",0.0043
DAWUD,7,"2,224",0.0043
DEON,7,"2,224",0.0043
DERRICK,7,"2,224",0.0043
DESTIN,7,"2,224",0.0043
DHYAN,7,"2,224",0.0043
DIMITRIOS,7,"2,224",0.0043
DIOR,7,"2,224",0.0043
DON,7,"2,224",0.0043
ELAM,7,"2,224",0.0043
ELISEO,7,"2,224",0.0043
ELYOT,7,"2,224",0.0043
ENDER,7,"2,224",0.0043
ERWIN,7,"2,224",0.0043
EZECHIEL,7,"2,224",0.0043
FABIO,7,"2,224",0.0043
FALLON,7,"2,224",0.0043
FATEHVIR,7,"2,224",0.0043
FINDLEY,7,"2,224",0.0043
GABRIELE,7,"2,224",0.0043
GEOFFREY,7,"2,224",0.0043
GIAN,7,"2,224",0.0043
GREYSEN,7,"2,224",0.0043
GURBAJ,7,"2,224",0.0043
GURSHAN,7,"2,224",0.0043
HAADI,7,"2,224",0.0043
HAIDAR,7,"2,224",0.0043
HALEN,7,"2,224",0.0043
HAMMAD,7,"2,224",0.0043
HARLEN,7,"2,224",0.0043
HARMAN,7,"2,224",0.0043
HASHEM,7,"2,224",0.0043
HENRICK,7,"2,224",0.0043
HERSCHEL,7,"2,224",0.0043
HERVE,7,"2,224",0.0043
HISHAM,7,"2,224",0.0043
IAIN,7,"2,224",0.0043
ILIAN,7,"2,224",0.0043
ILLAN,7,"2,224",0.0043
ILYANE,7,"2,224",0.0043
IZAK,7,"2,224",0.0043
IZAYAH,7,"2,224",0.0043
IZYAN,7,"2,224",0.0043
JACKOB,7,"2,224",0.0043
JAE,7,"2,224",0.0043
JAHEIM,7,"2,224",0.0043
JAYDON,7,"2,224",0.0043
JEFF,7,"2,224",0.0043
JERIAH,7,"2,224",0.0043
JIAN,7,"2,224",0.0043
JIYAAN,7,"2,224",0.0043
JIYAN,7,"2,224",0.0043
JUGAAD,7,"2,224",0.0043
JUGRAJ,7,"2,224",0.0043
KAIN,7,"2,224",0.0043
KAIROS,7,"2,224",0.0043
KAITO,7,"2,224",0.0043
KALEM,7,"2,224",0.0043
KAMRAN,7,"2,224",0.0043
KANNON,7,"2,224",0.0043
KARSEN,7,"2,224",0.0043
KARSYN,7,"2,224",0.0043
KAVIR,7,"2,224",0.0043
KAZ,7,"2,224",0.0043
KEAGAN,7,"2,224",0.0043
KEIRAN,7,"2,224",0.0043
KENT,7,"2,224",0.0043
KESAR,7,"2,224",0.0043
KESLER,7,"2,224",0.0043
KHALEB,7,"2,224",0.0043
KHIZAR,7,"2,224",0.0043
KONNOR,7,"2,224",0.0043
KRISTOFF,7,"2,224",0.0043
KYRIN,7,"2,224",0.0043
KYRON,7,"2,224",0.0043
LANCELOT,7,"2,224",0.0043
LAZARUS,7,"2,224",0.0043
LEEROY,7,"2,224",0.0043
LEITH,7,"2,224",0.0043
LEVIN,7,"2,224",0.0043
LINO,7,"2,224",0.0043
LOCHLANN,7,"2,224",0.0043
LOCKE,7,"2,224",0.0043
LOUAN,7,"2,224",0.0043
LUCAH,7,"2,224",0.0043
LYNDEN,7,"2,224",0.0043
MADHAV,7,"2,224",0.0043
MAELAN,7,"2,224",0.0043
MANTEJ,7,"2,224",0.0043
MARIN,7,"2,224",0.0043
MARLON,7,"2,224",0.0043
MATIN,7,"2,224",0.0043
MATTHIS,7,"2,224",0.0043
MATVEI,7,"2,224",0.0043
MAYSSON,7,"2,224",0.0043
MEER,7,"2,224",0.0043
MEKHI,7,"2,224",0.0043
MOMIN,7,"2,224",0.0043
MONROE,7,"2,224",0.0043
MOOSA,7,"2,224",0.0043
MORDECHAI,7,"2,224",0.0043
MUAD,7,"2,224",0.0043
MUBARAK,7,"2,224",0.0043
MUSSIE,7,"2,224",0.0043
NAPOLEON,7,"2,224",0.0043
NATHANIAL,7,"2,224",0.0043
NAUNIDH,7,"2,224",0.0043
NAVEEN,7,"2,224",0.0043
NAYTHAN,7,"2,224",0.0043
NEWTON,7,"2,224",0.0043
NICOLA,7,"2,224",0.0043
NIGEL,7,"2,224",0.0043
NILES,7,"2,224",0.0043
NOVAH,7,"2,224",0.0043
NYJAH,7,"2,224",0.0043
OCTAVIAN,7,"2,224",0.0043
OLUWATOBI,7,"2,224",0.0043
ORI,7,"2,224",0.0043
OWAIS,7,"2,224",0.0043
PARSA,7,"2,224",0.0043
PERCIVAL,7,"2,224",0.0043
RAE,7,"2,224",0.0043
RAYANSH,7,"2,224",0.0043
RAYLAN,7,"2,224",0.0043
REEVE,7,"2,224",0.0043
RENATO,7,"2,224",0.0043
RICK,7,"2,224",0.0043
RION,7,"2,224",0.0043
RIPP,7,"2,224",0.0043
RONIK,7,"2,224",0.0043
RUI,7,"2,224",0.0043
SAHAJ,7,"2,224",0.0043
SAJID,7,"2,224",0.0043
SARVIN,7,"2,224",0.0043
SCOUT,7,"2,224",0.0043
SEHAJBIR,7,"2,224",0.0043
SEIF,7,"2,224",0.0043
SENAY,7,"2,224",0.0043
SHAHAN,7,"2,224",0.0043
SHAMS,7,"2,224",0.0043
SIDI,7,"2,224",0.0043
SIRE,7,"2,224",0.0043
SOL,7,"2,224",0.0043
STEEL,7,"2,224",0.0043
STIRLING,7,"2,224",0.0043
STONE,7,"2,224",0.0043
STORM,7,"2,224",0.0043
SUBEG,7,"2,224",0.0043
SURKHAB,7,"2,224",0.0043
TAHIR,7,"2,224",0.0043
TALAL,7,"2,224",0.0043
TAO,7,"2,224",0.0043
TERENCE,7,"2,224",0.0043
TERRY,7,"2,224",0.0043
TIBERIUS,7,"2,224",0.0043
TRAYVON,7,"2,224",0.0043
TYRONE,7,"2,224",0.0043
VIGO,7,"2,224",0.0043
VIYAAN,7,"2,224",0.0043
VIYAN,7,"2,224",0.0043
WYN,7,"2,224",0.0043
XAVION,7,"2,224",0.0043
YAEL,7,"2,224",0.0043
YAMEN,7,"2,224",0.0043
YAMIN,7,"2,224",0.0043
YI,7,"2,224",0.0043
ZAYDAN,7,"2,224",0.0043
ZENON,7,"2,224",0.0043
ZEPHANIAH,7,"2,224",0.0043
AARIK,6,"2,458",0.0037
AARYA,6,"2,458",0.0037
ABANOUB,6,"2,458",0.0037
ABDELRAHMAN,6,"2,458",0.0037
ADHIRAJ,6,"2,458",0.0037
AGAMPREET,6,"2,458",0.0037
AHIL,6,"2,458",0.0037
AHMADOU,6,"2,458",0.0037
AKIL,6,"2,458",0.0037
AKIVA,6,"2,458",0.0037
ALDO,6,"2,458",0.0037
ALEXEY,6,"2,458",0.0037
ALON,6,"2,458",0.0037
ALVEY,6,"2,458",0.0037
AMANUEL,6,"2,458",0.0037
AMAY,6,"2,458",0.0037
ANAV,6,"2,458",0.0037
ANDER,6,"2,458",0.0037
ANOOP,6,"2,458",0.0037
ARAD,6,"2,458",0.0037
ARIA,6,"2,458",0.0037
ARKYN,6,"2,458",0.0037
ARTEMIS,6,"2,458",0.0037
ASHTYN,6,"2,458",0.0037
ATHANASIOS,6,"2,458",0.0037
ATLIN,6,"2,458",0.0037
AUDRIC,6,"2,458",0.0037
AVIEL,6,"2,458",0.0037
AYSON,6,"2,458",0.0037
BALRAJ,6,"2,458",0.0037
BAPTISTE,6,"2,458",0.0037
BASILE,6,"2,458",0.0037
BASSAM,6,"2,458",0.0037
BOHEN,6,"2,458",0.0037
BOUBACAR,6,"2,458",0.0037
BRAIDEN,6,"2,458",0.0037
BRAVEN,6,"2,458",0.0037
BRAYLON,6,"2,458",0.0037
BRODEN,6,"2,458",0.0037
BRUIN,6,"2,458",0.0037
BRYANT,6,"2,458",0.0037
BRYDEN,6,"2,458",0.0037
BRYN,6,"2,458",0.0037
BUCK,6,"2,458",0.0037
BURAK,6,"2,458",0.0037
CAMREN,6,"2,458",0.0037
CESAR,6,"2,458",0.0037
CHARLES-ETIENNE,6,"2,458",0.0037
CHEICK,6,"2,458",0.0037
CHET,6,"2,458",0.0037
CHRISTOS,6,"2,458",0.0037
CLINTON,6,"2,458",0.0037
CLOUD,6,"2,458",0.0037
COLSEN,6,"2,458",0.0037
D'ANGELO,6,"2,458",0.0037
DANIIL,6,"2,458",0.0037
DARIN,6,"2,458",0.0037
DARIS,6,"2,458",0.0037
DAUD,6,"2,458",0.0037
DAWOUD,6,"2,458",0.0037
DAXTYN,6,"2,458",0.0037
DEION,6,"2,458",0.0037
DEKLYN,6,"2,458",0.0037
DELUCA,6,"2,458",0.0037
DERECK,6,"2,458",0.0037
DERICK,6,"2,458",0.0037
DEXTON,6,"2,458",0.0037
DIDIER,6,"2,458",0.0037
DILAN,6,"2,458",0.0037
DILSHAAN,6,"2,458",0.0037
DMITRY,6,"2,458",0.0037
DRAYSON,6,"2,458",0.0037
DRE,6,"2,458",0.0037
DREYSON,6,"2,458",0.0037
DWIGHT,6,"2,458",0.0037
EBENEZER,6,"2,458",0.0037
ECHO,6,"2,458",0.0037
EFRAIM,6,"2,458",0.0037
EIDEN,6,"2,458",0.0037
EKAMVEER,6,"2,458",0.0037
EKAS,6,"2,458",0.0037
ELIA,6,"2,458",0.0037
ELIAB,6,"2,458",0.0037
ELIAKIM,6,"2,458",0.0037
ELIYAH,6,"2,458",0.0037
ELIYAHU,6,"2,458",0.0037
ELOIC,6,"2,458",0.0037
ELYAN,6,"2,458",0.0037
ELYOTT,6,"2,458",0.0037
EMAAN,6,"2,458",0.0037
EMERIK,6,"2,458",0.0037
EOGHAN,6,"2,458",0.0037
ERFAN,6,"2,458",0.0037
ERNIE,6,"2,458",0.0037
ESPEN,6,"2,458",0.0037
FAHD,6,"2,458",0.0037
FARLEY,6,"2,458",0.0037
FEDERICO,6,"2,458",0.0037
FITZ,6,"2,458",0.0037
GASTON,6,"2,458",0.0037
GEORGIOS,6,"2,458",0.0037
GLENN,6,"2,458",0.0037
GORDIE,6,"2,458",0.0037
GURJAZZ,6,"2,458",0.0037
GURKIRAT,6,"2,458",0.0037
GURNIWAAZ,6,"2,458",0.0037
GURNOOR,6,"2,458",0.0037
GURSEHAJ,6,"2,458",0.0037
GURSHAAN,6,"2,458",0.0037
GURTEJ,6,"2,458",0.0037
GUSTAVO,6,"2,458",0.0037
HADRIEL,6,"2,458",0.0037
HAKIM,6,"2,458",0.0037
HARDIN,6,"2,458",0.0037
HARGUN,6,"2,458",0.0037
HARSHAAN,6,"2,458",0.0037
HARSHIV,6,"2,458",0.0037
HARVIR,6,"2,458",0.0037
HASNAIN,6,"2,458",0.0037
HERMAN,6,"2,458",0.0037
HOLLAND,6,"2,458",0.0037
HOLT,6,"2,458",0.0037
IMAN,6,"2,458",0.0037
IMANI,6,"2,458",0.0037
IOANNIS,6,"2,458",0.0037
ISAC,6,"2,458",0.0037
ISAK,6,"2,458",0.0037
JACKY,6,"2,458",0.0037
JACOBI,6,"2,458",0.0037
JAEGER,6,"2,458",0.0037
JAIRUS,6,"2,458",0.0037
JAKSON,6,"2,458",0.0037
JAMARI,6,"2,458",0.0037
JARRETT,6,"2,458",0.0037
JAVEN,6,"2,458",0.0037
JAVIN,6,"2,458",0.0037
JAYCEE,6,"2,458",0.0037
JAYVEN,6,"2,458",0.0037
JAYVIN,6,"2,458",0.0037
JOHN-PAUL,6,"2,458",0.0037
JORAH,6,"2,458",0.0037
JULIANO,6,"2,458",0.0037
JUN,6,"2,458",0.0037
KAISEN,6,"2,458",0.0037
KAL-EL,6,"2,458",0.0037
KALEN,6,"2,458",0.0037
KALEO,6,"2,458",0.0037
KARAN,6,"2,458",0.0037
KARMAN,6,"2,458",0.0037
KARSTEN,6,"2,458",0.0037
KASRA,6,"2,458",0.0037
KAVAN,6,"2,458",0.0037
KAYLEB,6,"2,458",0.0037
KAYNAN,6,"2,458",0.0037
KENNEDY,6,"2,458",0.0037
KEONI,6,"2,458",0.0037
KEREM,6,"2,458",0.0037
KESSLER,6,"2,458",0.0037
KHALEEL,6,"2,458",0.0037
KINGSTYN,6,"2,458",0.0037
KIRBY,6,"2,458",0.0037
KIRILL,6,"2,458",0.0037
KIYANSH,6,"2,458",0.0037
KOAH,6,"2,458",0.0037
KOLTER,6,"2,458",0.0037
KYZEN,6,"2,458",0.0037
LAMAR,6,"2,458",0.0037
LANGSTON,6,"2,458",0.0037
LASZLO,6,"2,458",0.0037
LEONID,6,"2,458",0.0037
LINKEN,6,"2,458",0.0037
LIO,6,"2,458",0.0037
LORIK,6,"2,458",0.0037
LOUIS-GABRIEL,6,"2,458",0.0037
LUDO,6,"2,458",0.0037
LUXTON,6,"2,458",0.0037
MACEO,6,"2,458",0.0037
MAE,6,"2,458",0.0037
MALAKHI,6,"2,458",0.0037
MALIX,6,"2,458",0.0037
MANOAH,6,"2,458",0.0037
MANVEER,6,"2,458",0.0037
MARS,6,"2,458",0.0037
MARTY,6,"2,458",0.0037
MASEN,6,"2,458",0.0037
MATYAS,6,"2,458",0.0037
MAVRYK,6,"2,458",0.0037
MAXSON,6,"2,458",0.0037
MENELIK,6,"2,458",0.0037
MICKY,6,"2,458",0.0037
MIKKEL,6,"2,458",0.0037
MILTON,6,"2,458",0.0037
MOHAMED-AMINE,6,"2,458",0.0037
MOHID,6,"2,458",0.0037
MORRISON,6,"2,458",0.0037
MOUSTAPHA,6,"2,458",0.0037
MUAZ,6,"2,458",0.0037
MURDOCH,6,"2,458",0.0037
MURTAZA,6,"2,458",0.0037
MYKAH,6,"2,458",0.0037
MYRON,6,"2,458",0.0037
NADIR,6,"2,458",0.0037
NAO,6,"2,458",0.0037
NATHEO,6,"2,458",0.0037
NATNAEL,6,"2,458",0.0037
NEVEN,6,"2,458",0.0037
NIKHIL,6,"2,458",0.0037
NIVAN,6,"2,458",0.0037
NOHAM,6,"2,458",0.0037
NOHAN,6,"2,458",0.0037
NOLHAN,6,"2,458",0.0037
NOUR,6,"2,458",0.0037
NOYAN,6,"2,458",0.0037
NYLES,6,"2,458",0.0037
OAKLAN,6,"2,458",0.0037
OAKLYN,6,"2,458",0.0037
OCTAVIUS,6,"2,458",0.0037
OSIRIS,6,"2,458",0.0037
OZ,6,"2,458",0.0037
OZAN,6,"2,458",0.0037
PAPA,6,"2,458",0.0037
PARV,6,"2,458",0.0037
PAYTON,6,"2,458",0.0037
PETE,6,"2,458",0.0037
PIETRO,6,"2,458",0.0037
PRAYAN,6,"2,458",0.0037
PSALM,6,"2,458",0.0037
QAIS,6,"2,458",0.0037
QUILL,6,"2,458",0.0037
QUIN,6,"2,458",0.0037
QUINTEN,6,"2,458",0.0037
RADIN,6,"2,458",0.0037
RAGNAR,6,"2,458",0.0037
RAHIM,6,"2,458",0.0037
RAINE,6,"2,458",0.0037
RAMSEY,6,"2,458",0.0037
RANDALL,6,"2,458",0.0037
RAVI,6,"2,458",0.0037
RAYEN,6,"2,458",0.0037
RAYNOR,6,"2,458",0.0037
REUVEN,6,"2,458",0.0037
RIAD,6,"2,458",0.0037
RIHAN,6,"2,458",0.0037
RITHVIK,6,"2,458",0.0037
RIZWAN,6,"2,458",0.0037
ROHIN,6,"2,458",0.0037
ROWOON,6,"2,458",0.0037
RUFAEL,6,"2,458",0.0037
RUFUS,6,"2,458",0.0037
RUHAN,6,"2,458",0.0037
RUSSEL,6,"2,458",0.0037
RYU,6,"2,458",0.0037
SABAR,6,"2,458",0.0037
SACHIN,6,"2,458",0.0037
SAILOR,6,"2,458",0.0037
SAMARBIR,6,"2,458",0.0037
SAMEER,6,"2,458",0.0037
SAMRAJ,6,"2,458",0.0037
SANDY,6,"2,458",0.0037
SANTANA,6,"2,458",0.0037
SATHVIK,6,"2,458",0.0037
SAYLOR,6,"2,458",0.0037
SCOTTY,6,"2,458",0.0037
SEHAJDEEP,6,"2,458",0.0037
SERIGNE,6,"2,458",0.0037
SHARVIL,6,"2,458",0.0037
SHAZAIN,6,"2,458",0.0037
SHIVAAY,6,"2,458",0.0037
SHIVAM,6,"2,458",0.0037
SHIVEN,6,"2,458",0.0037
SHMUEL,6,"2,458",0.0037
SLATER,6,"2,458",0.0037
SOAN,6,"2,458",0.0037
SORA,6,"2,458",0.0037
SPARROW,6,"2,458",0.0037
STEPHANE,6,"2,458",0.0037
TAMIM,6,"2,458",0.0037
TEGAN,6,"2,458",0.0037
TEGBIR,6,"2,458",0.0037
TEODORO,6,"2,458",0.0037
THEODOROS,6,"2,458",0.0037
THIERNO,6,"2,458",0.0037
TJ,6,"2,458",0.0037
TRYSTAN,6,"2,458",0.0037
TYCE,6,"2,458",0.0037
TYRESE,6,"2,458",0.0037
TYRUS,6,"2,458",0.0037
VALEN,6,"2,458",0.0037
VARUN,6,"2,458",0.0037
VEDANSH,6,"2,458",0.0037
VEERA,6,"2,458",0.0037
VIKRAM,6,"2,458",0.0037
VUK,6,"2,458",0.0037
VYOM,6,"2,458",0.0037
WALEED,6,"2,458",0.0037
WARD,6,"2,458",0.0037
WISDOM,6,"2,458",0.0037
WOODS,6,"2,458",0.0037
XIAN,6,"2,458",0.0037
YECHIEL,6,"2,458",0.0037
YICHEN,6,"2,458",0.0037
YICHENG,6,"2,458",0.0037
YOHANN,6,"2,458",0.0037
YVAN,6,"2,458",0.0037
ZAEEM,6,"2,458",0.0037
ZAKAEL,6,"2,458",0.0037
ZED,6,"2,458",0.0037
ZEESHAN,6,"2,458",0.0037
ZIYAAN,6,"2,458",0.0037
ZUBAIR,6,"2,458",0.0037
ZURIEL,6,"2,458",0.0037
ZYAD,6,"2,458",0.0037
ZYAIRE,6,"2,458",0.0037
AADAV,5,"2,771",0.0031
AANAV,5,"2,771",0.0031
AARVIK,5,"2,771",0.0031
AARYAV,5,"2,771",0.0031
ABDERRAHMANE,5,"2,771",0.0031
ABDOU,5,"2,771",0.0031
ABHAY,5,"2,771",0.0031
ACEYN,5,"2,771",0.0031
ADAMS,5,"2,771",0.0031
ADIEL,5,"2,771",0.0031
ADVAY,5,"2,771",0.0031
ADVIT,5,"2,771",0.0031
AHAN,5,"2,771",0.0031
AHNAF,5,"2,771",0.0031
AHSAN,5,"2,771",0.0031
AKARAN,5,"2,771",0.0031
AKHIL,5,"2,771",0.0031
ALBIN,5,"2,771",0.0031
ALEKS,5,"2,771",0.0031
ALES,5,"2,771",0.0031
ALFONSO,5,"2,771",0.0031
ALIOUNE,5,"2,771",0.0031
ALISTER,5,"2,771",0.0031
ALYAN,5,"2,771",0.0031
AMAAN,5,"2,771",0.0031
AMADEUS,5,"2,771",0.0031
AMAN,5,"2,771",0.0031
AMARII,5,"2,771",0.0031
AMAURY,5,"2,771",0.0031
AMES,5,"2,771",0.0031
ANAHAD,5,"2,771",0.0031
ANDERSEN,5,"2,771",0.0031
ANGADVEER,5,"2,771",0.0031
ANIR,5,"2,771",0.0031
ANOKH,5,"2,771",0.0031
ARAFAT,5,"2,771",0.0031
ARIK,5,"2,771",0.0031
ARISTON,5,"2,771",0.0031
ARLAN,5,"2,771",0.0031
ARSENE,5,"2,771",0.0031
ART,5,"2,771",0.0031
ARYO,5,"2,771",0.0031
ATHIRAN,5,"2,771",0.0031
AVEN,5,"2,771",0.0031
AVIAN,5,"2,771",0.0031
AVISH,5,"2,771",0.0031
AVITAZ,5,"2,771",0.0031
AVRAAJ,5,"2,771",0.0031
AYOMIDE,5,"2,771",0.0031
AYYAN,5,"2,771",0.0031
AYYUB,5,"2,771",0.0031
AZAN,5,"2,771",0.0031
AZARIA,5,"2,771",0.0031
AZIAH,5,"2,771",0.0031
BAAJ,5,"2,771",0.0031
BASSEL,5,"2,771",0.0031
BAYLOR,5,"2,771",0.0031
BENTLEE,5,"2,771",0.0031
BENTLY,5,"2,771",0.0031
BERKLEY,5,"2,771",0.0031
BLUE,5,"2,771",0.0031
BRANDEN,5,"2,771",0.0031
BRAY,5,"2,771",0.0031
BRIDGER,5,"2,771",0.0031
BRIER,5,"2,771",0.0031
BROLY,5,"2,771",0.0031
BROOK,5,"2,771",0.0031
BRUK,5,"2,771",0.0031
CAINE,5,"2,771",0.0031
CALLAGHAN,5,"2,771",0.0031
CASE,5,"2,771",0.0031
CASON,5,"2,771",0.0031
CASSIDY,5,"2,771",0.0031
CECIL,5,"2,771",0.0031
CHARLEE,5,"2,771",0.0031
CHARLES-EDWARD,5,"2,771",0.0031
CHERIF,5,"2,771",0.0031
CHESKY,5,"2,771",0.0031
CHRIST,5,"2,771",0.0031
CHRISTIANO,5,"2,771",0.0031
CLEO,5,"2,771",0.0031
CLIFF,5,"2,771",0.0031
COLTYN,5,"2,771",0.0031
CONWAY,5,"2,771",0.0031
CORBEN,5,"2,771",0.0031
CREE,5,"2,771",0.0031
CREESON,5,"2,771",0.0031
DAKODA,5,"2,771",0.0031
DAKSH,5,"2,771",0.0031
DANI,5,"2,771",0.0031
DANICK,5,"2,771",0.0031
DANY,5,"2,771",0.0031
DANYL,5,"2,771",0.0031
DARRELL,5,"2,771",0.0031
DARRYL,5,"2,771",0.0031
DASTAN,5,"2,771",0.0031
DAVION,5,"2,771",0.0031
DAWSYN,5,"2,771",0.0031
DAXSON,5,"2,771",0.0031
DAYMON,5,"2,771",0.0031
DAYVEN,5,"2,771",0.0031
DEAKON,5,"2,771",0.0031
DEMARI,5,"2,771",0.0031
DEMITRI,5,"2,771",0.0031
DEZMOND,5,"2,771",0.0031
DHAIRYA,5,"2,771",0.0031
DHEER,5,"2,771",0.0031
DHEERAN,5,"2,771",0.0031
DILRAJ,5,"2,771",0.0031
DOMINIQUE,5,"2,771",0.0031
DONTE,5,"2,771",0.0031
DOV,5,"2,771",0.0031
DRACO,5,"2,771",0.0031
DREY,5,"2,771",0.0031
EHAAN,5,"2,771",0.0031
EITHAN,5,"2,771",0.0031
EL,5,"2,771",0.0031
ELDEN,5,"2,771",0.0031
ELIAH,5,"2,771",0.0031
ELIS,5,"2,771",0.0031
ELNATHAN,5,"2,771",0.0031
ELOIK,5,"2,771",0.0031
ELROY,5,"2,771",0.0031
ELYES,5,"2,771",0.0031
ELYON,5,"2,771",0.0031
EMMERSON,5,"2,771",0.0031
EMRIC,5,"2,771",0.0031
ESHAN,5,"2,771",0.0031
ESSAM,5,"2,771",0.0031
EVANGELOS,5,"2,771",0.0031
FADI,5,"2,771",0.0031
FAHAD,5,"2,771",0.0031
FARID,5,"2,771",0.0031
FARZAD,5,"2,771",0.0031
FELIKS,5,"2,771",0.0031
FERDINAND,5,"2,771",0.0031
FIRAS,5,"2,771",0.0031
FLOYD,5,"2,771",0.0031
FRITZ,5,"2,771",0.0031
GABE,5,"2,771",0.0031
GADDIEL,5,"2,771",0.0031
GANEEV,5,"2,771",0.0031
GARNET,5,"2,771",0.0031
GARRET,5,"2,771",0.0031
GARRISON,5,"2,771",0.0031
GAVRIEL,5,"2,771",0.0031
GHAITH,5,"2,771",0.0031
GHASSAN,5,"2,771",0.0031
GIANCARLO,5,"2,771",0.0031
GIANMARCO,5,"2,771",0.0031
GIORGIO,5,"2,771",0.0031
GIULIO,5,"2,771",0.0031
GRACESON,5,"2,771",0.0031
GRAE,5,"2,771",0.0031
GREG,5,"2,771",0.0031
GURBAAJ,5,"2,771",0.0031
GURBAZ,5,"2,771",0.0031
GURJAS,5,"2,771",0.0031
GUSTAV,5,"2,771",0.0031
HABIB,5,"2,771",0.0031
HARJAP,5,"2,771",0.0031
HARTEJ,5,"2,771",0.0031
HARVEER,5,"2,771",0.0031
HAWKSLEY,5,"2,771",0.0031
HAYDAR,5,"2,771",0.0031
HAZE,5,"2,771",0.0031
HEINRICH,5,"2,771",0.0031
HENDERSON,5,"2,771",0.0031
HIYAN,5,"2,771",0.0031
HOLTEN,5,"2,771",0.0031
IGNACIO,5,"2,771",0.0031
IGOR,5,"2,771",0.0031
IKER,5,"2,771",0.0031
ILHAN,5,"2,771",0.0031
ILIYAN,5,"2,771",0.0031
IRVIN,5,"2,771",0.0031
ISAIAS,5,"2,771",0.0031
IZAAC,5,"2,771",0.0031
JABIR,5,"2,771",0.0031
JACOBO,5,"2,771",0.0031
JAEL,5,"2,771",0.0031
JAIVIN,5,"2,771",0.0031
JARON,5,"2,771",0.0031
JASHAN,5,"2,771",0.0031
JAXYN,5,"2,771",0.0031
JAYAN,5,"2,771",0.0031
JAYKOB,5,"2,771",0.0031
JAYMES,5,"2,771",0.0031
JAYSSON,5,"2,771",0.0031
JAYVON,5,"2,771",0.0031
JAZIEL,5,"2,771",0.0031
JEAN-CHRISTOPHE,5,"2,771",0.0031
JEFFERY,5,"2,771",0.0031
JENIL,5,"2,771",0.0031
JESIAH,5,"2,771",0.0031
JHETT,5,"2,771",0.0031
JIHO,5,"2,771",0.0031
JIRO,5,"2,771",0.0031
JOAH,5,"2,771",0.0031
JOHNSON,5,"2,771",0.0031
JORDON,5,"2,771",0.0031
JOVIAN,5,"2,771",0.0031
JUBA,5,"2,771",0.0031
KABEL,5,"2,771",0.0031
KAELAN,5,"2,771",0.0031
KAESON,5,"2,771",0.0031
KAHAAN,5,"2,771",0.0031
KAIZER,5,"2,771",0.0031
KALE,5,"2,771",0.0031
KALUM,5,"2,771",0.0031
KARANVIR,5,"2,771",0.0031
KARTHIK,5,"2,771",0.0031
KATO,5,"2,771",0.0031
KAYA,5,"2,771",0.0031
KAYCEE,5,"2,771",0.0031
KAYCEN,5,"2,771",0.0031
KAYDE,5,"2,771",0.0031
KAYHAN,5,"2,771",0.0031
KEEAN,5,"2,771",0.0031
KEMI,5,"2,771",0.0031
KENDALL,5,"2,771",0.0031
KENSLEY,5,"2,771",0.0031
KENZY,5,"2,771",0.0031
KESHAWN,5,"2,771",0.0031
KEYAN,5,"2,771",0.0031
KHARI,5,"2,771",0.0031
KHYRIE,5,"2,771",0.0031
KIANSH,5,"2,771",0.0031
KIPP,5,"2,771",0.0031
KITT,5,"2,771",0.0031
KNIGHT,5,"2,771",0.0031
KOBI,5,"2,771",0.0031
KOLTEN,5,"2,771",0.0031
KRIYANSH,5,"2,771",0.0031
KRUZE,5,"2,771",0.0031
KUSH,5,"2,771",0.0031
KUZEY,5,"2,771",0.0031
KWAME,5,"2,771",0.0031
LARKIN,5,"2,771",0.0031
LEEVI,5,"2,771",0.0031
LEGACY,5,"2,771",0.0031
LENNIX,5,"2,771",0.0031
LEO-JAMES,5,"2,771",0.0031
LEONE,5,"2,771",0.0031
LEOR,5,"2,771",0.0031
LEORIC,5,"2,771",0.0031
LEVEN,5,"2,771",0.0031
LEVIATHAN,5,"2,771",0.0031
LINKOLN,5,"2,771",0.0031
LOCHLYN,5,"2,771",0.0031
LORICK,5,"2,771",0.0031
LORNE,5,"2,771",0.0031
LOUAM,5,"2,771",0.0031
LUCIFER,5,"2,771",0.0031
LUCIOUS,5,"2,771",0.0031
LYNCOLN,5,"2,771",0.0031
LYON,5,"2,771",0.0031
MAAHIR,5,"2,771",0.0031
MAARAN,5,"2,771",0.0031
MACE,5,"2,771",0.0031
MAHER,5,"2,771",0.0031
MALACHAI,5,"2,771",0.0031
MALYCK,5,"2,771",0.0031
MANKIRAT,5,"2,771",0.0031
MARC-OLIVIER,5,"2,771",0.0031
MARTINO,5,"2,771",0.0031
MARVENS,5,"2,771",0.0031
MATHEUS,5,"2,771",0.0031
MATTHEO,5,"2,771",0.0031
MAVEN,5,"2,771",0.0031
MAVERYCK,5,"2,771",0.0031
MAVERYK,5,"2,771",0.0031
MCKINLEY,5,"2,771",0.0031
MEHMET,5,"2,771",0.0031
MEHRAB,5,"2,771",0.0031
MERLIN,5,"2,771",0.0031
MICHELE,5,"2,771",0.0031
MIKAAL,5,"2,771",0.0031
MILOS,5,"2,771",0.0031
MIR,5,"2,771",0.0031
MIRACLE,5,"2,771",0.0031
MIROSLAV,5,"2,771",0.0031
MISHA,5,"2,771",0.0031
MOHAMED-ALI,5,"2,771",0.0031
MOHIB,5,"2,771",0.0031
MOHSIN,5,"2,771",0.0031
MOKSH,5,"2,771",0.0031
MORLEY,5,"2,771",0.0031
MOUAD,5,"2,771",0.0031
MOUHAMADOU,5,"2,771",0.0031
MOUHAMMAD,5,"2,771",0.0031
MUNACHIMSO,5,"2,771",0.0031
NADEEM,5,"2,771",0.0031
NAHYAN,5,"2,771",0.0031
NAMI,5,"2,771",0.0031
NASSER,5,"2,771",0.0031
NAUNIHAL,5,"2,771",0.0031
NAWAB,5,"2,771",0.0031
NAYAN,5,"2,771",0.0031
NEKO,5,"2,771",0.0031
NEVAAN,5,"2,771",0.0031
NICOLO,5,"2,771",0.0031
NIKOSIS,5,"2,771",0.0031
NIXXON,5,"2,771",0.0031
NOBLE,5,"2,771",0.0031
NOHLAN,5,"2,771",0.0031
NOVAN,5,"2,771",0.0031
NYLAN,5,"2,771",0.0031
OAK,5,"2,771",0.0031
OAKS,5,"2,771",0.0031
ODYSSEUS,5,"2,771",0.0031
OLLY,5,"2,771",0.0031
OPIE,5,"2,771",0.0031
OSWALD,5,"2,771",0.0031
OTHNIEL,5,"2,771",0.0031
OZIAH,5,"2,771",0.0031
PAARTH,5,"2,771",0.0031
PARVAAN,5,"2,771",0.0031
PAVIT,5,"2,771",0.0031
PAX,5,"2,771",0.0031
PEARSON,5,"2,771",0.0031
PRABHGUN,5,"2,771",0.0031
PRABHNOOR,5,"2,771",0.0031
PRATHAM,5,"2,771",0.0031
QUADE,5,"2,771",0.0031
RAAYAN,5,"2,771",0.0031
RACIM,5,"2,771",0.0031
RAEES,5,"2,771",0.0031
RAFI,5,"2,771",0.0031
RAHMAN,5,"2,771",0.0031
RAI,5,"2,771",0.0031
RAINER,5,"2,771",0.0031
RAIYAN,5,"2,771",0.0031
RAJA,5,"2,771",0.0031
RANA,5,"2,771",0.0031
RANJODH,5,"2,771",0.0031
RANSHER,5,"2,771",0.0031
RANSOM,5,"2,771",0.0031
RASTIN,5,"2,771",0.0031
RAUL,5,"2,771",0.0031
RAUNAK,5,"2,771",0.0031
REGAN,5,"2,771",0.0031
RENLEY,5,"2,771",0.0031
REUEL,5,"2,771",0.0031
REYAANSH,5,"2,771",0.0031
REZA,5,"2,771",0.0031
RIDGE,5,"2,771",0.0031
RIKU,5,"2,771",0.0031
RIOT,5,"2,771",0.0031
RIVAN,5,"2,771",0.0031
ROCKWELL,5,"2,771",0.0031
RONIT,5,"2,771",0.0031
RORAN,5,"2,771",0.0031
ROWE,5,"2,771",0.0031
RUAIRI,5,"2,771",0.0031
RUEBEN,5,"2,771",0.0031
RUGER,5,"2,771",0.0031
RUNE,5,"2,771",0.0031
RUSTY,5,"2,771",0.0031
RYAAN,5,"2,771",0.0031
RYLIN,5,"2,771",0.0031
RYO,5,"2,771",0.0031
SABER,5,"2,771",0.0031
SABIR,5,"2,771",0.0031
SAFEER,5,"2,771",0.0031
SAHIR,5,"2,771",0.0031
SAMARVEER,5,"2,771",0.0031
SARANSH,5,"2,771",0.0031
SAYF,5,"2,771",0.0031
SEBASTION,5,"2,771",0.0031
SEHRAJ,5,"2,771",0.0031
SELIM,5,"2,771",0.0031
SELYAN,5,"2,771",0.0031
SHABAD,5,"2,771",0.0031
SHAHMEER,5,"2,771",0.0031
SHAHZAD,5,"2,771",0.0031
SHIVA,5,"2,771",0.0031
SHIVAAN,5,"2,771",0.0031
SIDDHARTHA,5,"2,771",0.0031
SIRJAN,5,"2,771",0.0031
SIYAN,5,"2,771",0.0031
SKANDER,5,"2,771",0.0031
SOHUM,5,"2,771",0.0031
SUBAIG,5,"2,771",0.0031
SUKHRAJ,5,"2,771",0.0031
SYLUS,5,"2,771",0.0031
SYRUS,5,"2,771",0.0031
TAGE,5,"2,771",0.0031
TALEN,5,"2,771",0.0031
TANISH,5,"2,771",0.0031
TARAN,5,"2,771",0.0031
TAVISH,5,"2,771",0.0031
TAYLAN,5,"2,771",0.0031
TEAGAN,5,"2,771",0.0031
TEGVIR,5,"2,771",0.0031
TEJVEER,5,"2,771",0.0031
TEMESGEN,5,"2,771",0.0031
THANE,5,"2,771",0.0031
THEON,5,"2,771",0.0031
THEOPHILUS,5,"2,771",0.0031
THESEUS,5,"2,771",0.0031
THOMAS-JAMES,5,"2,771",0.0031
TIMOFEY,5,"2,771",0.0031
TOBIN,5,"2,771",0.0031
TRAE,5,"2,771",0.0031
TREYTON,5,"2,771",0.0031
TYR,5,"2,771",0.0031
UDHAY,5,"2,771",0.0031
UMER,5,"2,771",0.0031
VANN,5,"2,771",0.0031
VIN,5,"2,771",0.0031
VIR,5,"2,771",0.0031
VITTORIO,5,"2,771",0.0031
VIVAN,5,"2,771",0.0031
WALDEN,5,"2,771",0.0031
WALLY,5,"2,771",0.0031
WARNER,5,"2,771",0.0031
WELLINGTON,5,"2,771",0.0031
WILHEM,5,"2,771",0.0031
XERXES,5,"2,771",0.0031
YAKOV,5,"2,771",0.0031
YANNI,5,"2,771",0.0031
YARED,5,"2,771",0.0031
YAZEED,5,"2,771",0.0031
YAZEN,5,"2,771",0.0031
YESHUA,5,"2,771",0.0031
YIANNIS,5,"2,771",0.0031
YONATHAN,5,"2,771",0.0031
YOSIAS,5,"2,771",0.0031
YUEL,5,"2,771",0.0031
YUSHA,5,"2,771",0.0031
ZACKARIA,5,"2,771",0.0031
ZAKI,5,"2,771",0.0031
ZAKIR,5,"2,771",0.0031
ZE,5,"2,771",0.0031
ZEYAD,5,"2,771",0.0031
ZOHAIB,5,"2,771",0.0031
